Day	2016	2017	2018	2019	2020	2021	2022	2016_roll	2017_roll	2018_roll	2019_roll	2020_roll	2021_roll	2022_roll	2016_2019_mean	2016_2019_mean_roll	2016_2019_roll_max	2016_2019_roll_min	Deaths_Covid_2020	Deaths_Covid_2020_roll	Deaths_Covid_2021	Deaths_Covid_2021_roll
01.01.	2558	2912	2665	2639	2685	3553	2932.0	2558.0	2912.0	2665.0	2639.0	2685.0	3553.0	2932.0	2693.5	2693.5	2912.0	2558.0	0.0	0.0	413.0	816.0
02.01.	2422	3085	2760	2642	2809	3534	2857.0	2490.0	2998.5	2712.5	2640.5	2747.0	3543.5	2894.5	2727.25	2710.4	2998.5	2490.0	0.0	0.0	585.0	817.1
03.01.	2522	2923	2870	2610	2761	3418	2971.0	2500.7	2973.3	2765.0	2630.3	2751.7	3501.7	2920.0	2731.25	2717.3	2973.3	2500.7	0.0	0.0	495.0	812.6
04.01.	2743	2973	2865	2782	2765	3718	2966.0	2561.2	2973.2	2790.0	2668.2	2755.0	3555.8	2931.5	2840.75	2748.2	2973.2	2561.2	0.0	0.0	772.0	795.7
05.01.	2633	3055	2875	2818	2536	3559	2824.0	2575.6	2989.6	2807.0	2698.2	2711.2	3556.4	2910.0	2845.25	2767.6	2989.6	2575.6	0.0	0.0	1036.0	765.7
06.01.	2578	2979	2763	2616	2685	3635	2874.0	2576.0	2987.8	2799.7	2684.5	2706.8	3569.5	2904.0	2734.0	2762.0	2987.8	2576.0	0.0	0.0	914.0	713.0
07.01.	2584	2949	2544	2749	2802	3573	2872.0	2577.1	2982.3	2763.1	2693.7	2720.4	3570.0	2899.4	2706.5	2754.1	2982.3	2577.1	0.0	0.0	1031.0	749.4
08.01.	2765	2954	2659	2823	2832	3566	2870.0	2606.7	2988.3	2762.3	2720.0	2741.4	3571.9	2890.6	2800.25	2769.3	2988.3	2606.7	0.0	0.0	925.0	822.6
09.01.	2579	3088	2589	2758	2911	3451	2814.0	2629.1	2988.7	2737.9	2736.6	2756.0	3560.0	2884.4	2753.5	2773.1	2988.7	2629.1	0.0	0.0	598.0	824.4
10.01.	2585	3256	2805	2750	2886	3342	2904.0	2638.1	3036.3	2728.6	2756.6	2773.9	3549.1	2874.9	2849.0	2789.9	3036.3	2638.1	0.0	0.0	423.0	814.1
11.01.	2751	3213	2705	2796	2679	3557	2785.0	2639.3	3070.6	2705.7	2758.6	2761.6	3526.1	2849.0	2866.25	2793.5	3070.6	2639.3	0.0	0.0	586.0	787.6
12.01.	2627	3145	2731	2681	2613	3601	2800.0	2638.4	3083.4	2685.1	2739.0	2772.6	3532.1	2845.6	2796.0	2786.5	3083.4	2638.4	0.0	0.0	893.0	767.1
13.01.	2698	3240	2679	2613	2753	3526	2729.0	2655.6	3120.7	2673.1	2738.6	2782.3	3516.6	2824.9	2807.5	2797.0	3120.7	2655.6	0.0	0.0	965.0	774.4
14.01.	2581	3079	2602	2787	2826	3583	2855.0	2655.1	3139.3	2681.4	2744.0	2785.7	3518.0	2822.4	2762.25	2805.0	3139.3	2655.1	0.0	0.0	944.0	762.0
15.01.	2657	3049	2754	2800	2673	3607	2878.0	2639.7	3152.9	2695.0	2740.7	2763.0	3523.9	2823.6	2815.0	2807.1	3152.9	2639.7	0.0	0.0	819.0	746.9
16.01.	2627	3036	2849	2790	2832	3372	2606.0	2646.6	3145.4	2732.1	2745.3	2751.7	3512.6	2793.9	2825.5	2817.4	3145.4	2646.6	0.0	0.0	537.0	738.1
17.01.	2498	3011	2731	2786	2654	3255		2634.1	3110.4	2721.6	2750.4	2718.6	3500.1	2775.5	2756.5	2804.1	3110.4	2634.1	0.0	0.0	322.0	723.7
18.01.	2624	2956	2831	2776	2656	3477		2616.0	3073.7	2739.6	2747.6	2715.3	3488.7	2773.6	2796.75	2794.2	3073.7	2616.0	0.0	0.0	536.0	716.6
19.01.	2641	3077	2803	2610	2559	3517		2618.0	3064.0	2749.9	2737.4	2707.6	3476.7	2767.0	2782.75	2792.3	3064.0	2618.0	0.0	0.0	761.0	697.7
20.01.	2640	3073	2645	2614	2603	3495		2609.7	3040.1	2745.0	2737.6	2686.1	3472.3	2779.7	2743.0	2783.1	3040.1	2609.7	0.0	0.0	769.0	669.7
21.01.	2685	3120	2574	2693	2688	3550		2624.6	3046.0	2741.0	2724.1	2666.4	3467.6	2742.0	2768.0	2783.9	3046.0	2624.6	0.0	0.0	708.0	636.0
22.01.	2668	2963	2763	2742	2684	3572		2626.1	3033.7	2742.3	2715.9	2668.0	3462.6	2606.0	2784.0	2779.5	3033.7	2626.1	0.0	0.0	630.0	609.0
23.01.	2688	3151	2761	2865	2723	3307		2634.9	3050.1	2729.7	2726.6	2652.4	3453.3		2866.25	2785.3	3050.1	2634.9	0.0	0.0	444.0	595.7
24.01.	2681	3226	2816	2835	2836	3159		2661.0	3080.9	2741.9	2733.6	2678.4	3439.6		2889.5	2804.3	3080.9	2661.0	0.0	0.0	213.0	580.1
25.01.	2777	3155	2796	2833	2654	3355		2682.9	3109.3	2736.9	2741.7	2678.1	3422.1		2890.25	2817.7	3109.3	2682.9	0.0	0.0	428.0	564.7
26.01.	2679	3196	2804	2797	2639	3304		2688.3	3126.3	2737.0	2768.4	2689.6	3391.7		2869.0	2830.0	3126.3	2688.3	0.0	0.0	576.0	538.3
27.01.	2691	3167	2640	2740	2810	3311		2695.6	3139.7	2736.3	2786.4	2719.1	3365.4		2809.5	2839.5	3139.7	2695.6	0.0	0.0	620.0	517.0
28.01.	2639	3114	2591	2904	2898	3289		2689.0	3138.9	2738.7	2816.6	2749.1	3328.1		2812.0	2845.8	3138.9	2689.0	0.0	0.0	477.0	484.0
29.01.	2755	3074	2897	2748	2844	3318		2701.4	3154.7	2757.9	2817.4	2772.0	3291.9		2868.5	2857.9	3154.7	2701.4	0.0	0.0	474.0	461.7
30.01.	2650	3404	2728	2729	2769	3084		2696.0	3190.9	2753.1	2798.0	2778.6	3260.0		2877.75	2859.5	3190.9	2696.0	0.0	0.0	305.0	441.9
31.01.	2516	3410	2878	2779	2915	2983		2672.4	3217.1	2762.0	2790.0	2789.9	3234.9		2895.75	2860.4	3217.1	2672.4	0.0	0.0	188.0	438.3
01.02.	2683	3290	2826	3012	2802	3203		2659.0	3236.4	2766.3	2815.6	2811.0	3213.1		2952.75	2869.3	3236.4	2659.0	0.0	0.0	314.0	422.0
02.02.	2745	3316	2811	2875	2736	3162		2668.4	3253.6	2767.3	2826.7	2824.9	3192.9		2936.75	2879.0	3253.6	2668.4	0.0	0.0	392.0	395.7
03.02.	2518	3535	2764	2765	2739	3261		2643.7	3306.1	2785.0	2830.3	2814.7	3185.7		2895.5	2891.3	3306.1	2643.7	0.0	0.0	443.0	370.4
04.02.	2579	3427	2654	2812	2895	3080		2635.1	3350.9	2794.0	2817.1	2814.3	3155.9		2868.0	2899.3	3350.9	2635.1	0.0	0.0	439.0	365.0
05.02.	2649	3258	2835	2890	2695	3040		2620.0	3377.1	2785.1	2837.4	2793.0	3116.1		2908.0	2904.9	3377.1	2620.0	0.0	0.0	311.0	341.7
06.02.	2700	3286	2784	2898	2597	3120		2627.1	3360.3	2793.1	2861.6	2768.4	3121.3		2917.0	2910.5	3360.3	2627.1	0.0	0.0	239.0	332.3
07.02.	2619	3337	2983	2882	2753	2868		2641.9	3349.9	2808.1	2876.3	2745.3	3104.9		2955.25	2919.0	3349.9	2641.9	0.0	0.0	101.0	319.9
08.02.	2663	3232	2887	2847	2721	3062		2639.0	3341.6	2816.9	2852.7	2733.7	3084.7		2907.25	2912.5	3341.6	2639.0	0.0	0.0	241.0	309.4
09.02.	2640	3217	2871	2847	2638	3066		2624.0	3327.4	2825.4	2848.7	2719.7	3071.0		2893.75	2906.4	3327.4	2624.0	0.0	0.0	304.0	296.9
10.02.	2751	3360	2872	2805	2857	2984		2657.3	3302.4	2840.9	2854.4	2736.6	3031.4		2947.0	2913.8	3302.4	2657.3	0.0	0.0	305.0	277.1
11.02.	2594	3168	2854	2853	2836	2996		2659.4	3265.4	2869.4	2860.3	2728.1	3019.4		2867.25	2913.6	3265.4	2659.4	0.0	0.0	305.0	258.0
12.02.	2620	3144	3012	2860	2790	3140		2655.3	3249.1	2894.7	2856.0	2741.7	3033.7		2909.0	2913.8	3249.1	2655.3	0.0	0.0	252.0	249.6
13.02.	2701	3298	3041	2890	2802	2958		2655.4	3250.9	2931.4	2854.9	2771.0	3010.6		2982.5	2923.1	3250.9	2655.4	0.0	0.0	161.0	238.4
14.02.	2572	3222	2965	2910	2793	2725		2648.7	3234.4	2928.9	2858.9	2776.7	2990.1		2917.25	2917.7	3234.4	2648.7	0.0	0.0	106.0	239.1
15.02.	2643	3292	3031	2977	2809	2990		2645.9	3243.0	2949.4	2877.4	2789.3	2979.9		2985.75	2928.9	3243.0	2645.9	0.0	0.0	193.0	232.3
16.02.	2506	3342	3105	2844	2761	3129		2626.7	3260.9	2982.9	2877.0	2806.9	2988.9		2949.25	2936.9	3260.9	2626.7	0.0	0.0	290.0	230.3
17.02.	2671	3268	3000	2816	2817	2993		2615.3	3247.7	3001.1	2878.6	2801.1	2990.1		2938.75	2935.7	3247.7	2615.3	0.0	0.0	273.0	225.7
18.02.	2673	3209	3100	2990	2662	2915		2626.6	3253.6	3036.3	2898.1	2776.3	2978.6		2993.0	2953.6	3253.6	2626.6	0.0	0.0	238.0	216.1
19.02.	2730	3052	3201	2876	2738	2903		2642.3	3240.4	3063.3	2900.4	2768.9	2944.7		2964.75	2961.6	3240.4	2642.3	0.0	0.0	220.0	211.6
20.02.	2661	3314	3237	3000	2728	2796		2636.6	3242.7	3091.3	2916.1	2758.3	2921.6		3053.0	2971.7	3242.7	2636.6	1.0	0.1	156.0	210.9
21.02.	2599	3221	3284	2963	2676	2743		2640.4	3242.6	3136.9	2923.7	2741.6	2924.1		3016.75	2985.9	3242.6	2640.4	0.0	0.1	97.0	209.6
22.02.	2706	3307	3291	2986	2677	2800		2649.4	3244.7	3174.0	2925.0	2722.7	2897.0		3072.5	2998.3	3244.7	2649.4	0.0	0.1	180.0	207.7
23.02.	2684	3350	3378	2792	2655	2757		2674.9	3245.9	3213.0	2917.6	2707.6	2843.9		3051.0	3012.8	3245.9	2674.9	0.0	0.1	219.0	197.6
24.02.	2618	3104	3269	2742	2775	2774		2667.3	3222.4	3251.4	2907.0	2701.6	2812.6		2933.25	3012.0	3251.4	2667.3	0.0	0.1	229.0	191.3
25.02.	2658	3025	3228	2970	2805	2786		2665.1	3196.1	3269.7	2904.1	2722.0	2794.1		2970.25	3008.8	3269.7	2665.1	0.0	0.1	199.0	185.7
26.02.	2703	2945	3457	2977	2792	2680		2661.3	3180.9	3306.3	2918.6	2729.7	2762.3		3020.5	3016.8	3306.3	2661.3	0.0	0.1	182.0	180.3
27.02.	2585	3131	3469	2939	2741	2649		2650.4	3154.7	3339.4	2909.9	2731.6	2741.3		3031.0	3013.6	3339.4	2650.4	0.0	0.0	132.0	176.9
28.02.	2521	2999	3590	2991	2911	2504		2639.3	3123.0	3383.1	2913.9	2765.1	2707.1		3025.25	3014.8	3383.1	2639.3	0.0	0.0	74.0	173.6
01.03.	2693	3121	3713	3100	2652	2710		2637.4	3096.4	3443.4	2930.1	2761.6	2694.3		3156.75	3026.9	3443.4	2637.4	0.0	0.0	161.0	170.9
02.03.	2794	2990	3703	2955	2854	2669		2653.1	3045.0	3489.9	2953.4	2790.0	2681.7		3110.5	3035.4	3489.9	2653.1	0.0	0.0	195.0	167.4
03.03.	2730	2944	3863	2858	2898	2670		2669.1	3022.1	3574.7	2970.0	2807.6	2666.9		3098.75	3059.0	3574.7	2669.1	0.0	0.0	168.0	158.7
04.03.	2803	2960	3740	2909	2797	2734		2689.9	3012.9	3647.9	2961.3	2806.4	2659.4		3103.0	3078.0	3647.9	2689.9	2.0	0.3	165.0	153.9
05.03.	2654	2785	3932	2978	2786	2690		2682.9	2990.0	3715.7	2961.4	2805.6	2660.9		3087.25	3087.5	3715.7	2682.9	1.0	0.4	140.0	147.9
06.03.	2625	2907	3881	3006	2910	2482		2688.6	2958.0	3774.6	2971.0	2829.7	2637.0		3104.75	3098.0	3774.6	2688.6	4.0	1.0	133.0	148.0
07.03.	2690	2724	3881	3046	2707	2481		2712.7	2918.7	3816.1	2978.9	2800.6	2633.7		3085.25	3106.6	3816.1	2712.7	4.0	1.6	81.0	149.0
08.03.	2754	2695	3722	2981	2715	2742		2721.4	2857.9	3817.4	2961.9	2809.6	2638.3		3038.0	3089.6	3817.4	2721.4	1.0	1.7	135.0	145.3
09.03.	2769	2758	3876	2810	2880	2738		2717.9	2824.7	3842.1	2941.1	2813.3	2648.1		3053.25	3081.5	3842.1	2717.9	7.0	2.7	178.0	142.9
10.03.	2682	2789	3749	2723	2878	2602		2711.0	2802.6	3825.9	2921.9	2810.4	2638.4		2985.75	3065.3	3825.9	2711.0	4.0	3.3	207.0	148.4
11.03.	2714	2659	3736	2743	2885	2682		2698.3	2759.6	3825.3	2898.1	2823.0	2631.0		2963.0	3045.3	3825.3	2698.3	10.0	4.4	196.0	152.9
12.03.	2613	2570	3741	2857	2846	2656		2692.4	2728.9	3798.0	2880.9	2831.6	2626.1		2945.25	3025.0	3798.0	2692.4	12.0	6.0	173.0	157.6
13.03.	2666	2680	3585	2878	2822	2678		2698.3	2696.4	3755.7	2862.6	2819.0	2654.1		2952.25	3003.2	3755.7	2696.4	16.0	7.7	125.0	156.4
14.03.	2727	2685	3522	2864	2795	2508		2703.6	2690.9	3704.4	2836.6	2831.6	2658.0		2949.5	2983.9	3704.4	2690.9	20.0	10.0	75.0	155.6
15.03.	2715	2662	3494	2882	2743	2753		2698.0	2686.1	3671.9	2822.4	2835.6	2659.6		2938.25	2969.6	3671.9	2686.1	15.0	12.0	146.0	157.1
16.03.	2686	2654	3524	2859	2918	2611		2686.1	2671.3	3621.6	2829.4	2841.0	2641.4		2930.75	2952.1	3621.6	2671.3	35.0	16.0	232.0	164.9
17.03.	2813	2667	3295	2712	2860	2628		2704.9	2653.9	3556.7	2827.9	2838.4	2645.1		2871.75	2935.8	3556.7	2653.9	44.0	21.7	215.0	166.0
18.03.	2711	2671	3224	2701	2937	2650		2704.4	2655.6	3483.6	2821.9	2845.9	2640.6		2826.75	2916.4	3483.6	2655.6	63.0	29.3	236.0	171.7
19.03.	2691	2646	3305	2651	2808	2701		2715.6	2666.4	3421.3	2792.4	2840.4	2647.0		2823.25	2898.9	3421.3	2666.4	64.0	36.7	197.0	175.1
20.03.	2628	2627	3309	2749	2866	2488		2710.1	2658.9	3381.9	2774.0	2846.7	2619.9		2828.25	2881.2	3381.9	2658.9	96.0	48.1	143.0	177.7
21.03.	2788	2604	3320	2768	2756	2503		2718.9	2647.3	3353.0	2760.3	2841.1	2619.1		2870.0	2869.9	3353.0	2647.3	95.0	58.9	106.0	182.1
22.03.	2748	2557	3269	2806	2577	2695		2723.6	2632.3	3320.9	2749.4	2817.4	2610.9		2845.0	2856.5	3320.9	2632.3	79.0	68.0	161.0	184.3
23.03.	2811	2572	3388	2730	2678	2579		2741.4	2620.6	3301.4	2731.0	2783.1	2606.3		2875.25	2848.6	3301.4	2620.6	131.0	81.7	273.0	190.1
24.03.	2660	2617	3249	2611	2731	2742		2719.6	2613.4	3294.9	2716.6	2764.7	2622.6		2784.25	2836.1	3294.9	2613.4	168.0	99.4	263.0	197.0
25.03.	2676	2501	2937	2614	2921	2753		2714.6	2589.1	3253.9	2704.1	2762.4	2637.3		2682.0	2815.4	3253.9	2589.1	217.0	121.4	255.0	199.7
26.03.	2656	2162	3086	2654	2832	2764		2709.6	2520.0	3222.6	2704.6	2765.9	2646.3		2639.5	2789.2	3222.6	2520.0	267.0	150.4	257.0	208.3
27.03.	2487	2548	3059	2683	2954	2527		2689.4	2508.7	3186.9	2695.1	2778.4	2651.9		2694.25	2770.0	3186.9	2508.7	264.0	174.4	195.0	215.7
28.03.	2551	2514	3192	2670	2934	2330		2655.6	2495.9	3168.6	2681.1	2803.9	2627.1		2731.75	2750.3	3168.6	2495.9	248.0	196.3	110.0	216.3
29.03.	2757	2573	2990	2809	2628	2595		2656.9	2498.1	3128.7	2681.6	2811.1	2612.9		2782.25	2741.3	3128.7	2498.1	166.0	208.7	234.0	226.7
30.03.	2668	2505	2902	2670	2876	2721		2636.4	2488.6	3059.3	2673.0	2839.4	2633.1		2686.25	2714.3	3059.3	2488.6	267.0	228.1	288.0	228.9
31.03.	2708	2587	2917	2462	2952	2698		2643.3	2484.3	3011.9	2651.7	2871.0	2626.9		2668.5	2697.8	3011.9	2484.3	382.0	258.7	302.0	234.4
01.04.	2675	2527	2760	2653	2975	2803		2643.1	2488.0	2986.6	2657.3	2878.7	2634.0		2653.75	2693.8	2986.6	2488.0	376.0	281.4	252.0	234.0
02.04.	2637	2477	2759	2695	3070	2605		2640.4	2533.0	2939.9	2663.1	2912.7	2611.3		2642.0	2694.1	2939.9	2533.0	417.0	302.9	199.0	225.7
03.04.	2621	2498	3002	2754	2981	2504		2659.6	2525.9	2931.7	2673.3	2916.6	2608.0		2718.75	2697.6	2931.7	2525.9	397.0	321.9	175.0	222.9
04.04.	2695	2418	2997	2790	2946	2565		2680.1	2512.1	2903.9	2690.4	2918.3	2641.6		2725.0	2696.6	2903.9	2512.1	245.0	321.4	127.0	225.3
05.04.	2707	2519	2909	2682	2862	2650		2673.0	2504.4	2892.3	2672.3	2951.7	2649.4		2704.25	2685.5	2892.3	2504.4	183.0	323.9	164.0	215.3
06.04.	2650	2370	2784	2645	3041	2716		2670.4	2485.1	2875.4	2668.7	2975.3	2648.7		2612.25	2674.9	2875.4	2485.1	291.0	327.3	265.0	212.0
07.04.	2584	2465	2787	2452	3048	2707		2652.7	2467.7	2856.9	2667.3	2989.0	2650.0		2572.0	2661.1	2856.9	2467.7	340.0	321.3	292.0	210.6
08.04.	2653	2417	2800	2670	3163	2675		2649.6	2452.0	2862.6	2669.7	3015.9	2631.7		2635.0	2658.5	2862.6	2452.0	344.0	316.7	279.0	214.4
09.04.	2532	2341	2810	2542	2967	2778		2634.6	2432.6	2869.9	2647.9	3001.1	2656.4		2556.25	2646.2	2869.9	2432.6	325.0	303.6	249.0	221.6
10.04.	2423	2483	2918	2628	2747	2710		2606.3	2430.4	2857.9	2629.9	2967.7	2685.9		2613.0	2631.1	2857.9	2430.4	208.0	276.6	213.0	227.0
11.04.	2546	2398	2780	2543	2790	2582		2585.0	2427.6	2826.9	2594.6	2945.4	2688.3		2566.75	2608.5	2826.9	2427.6	201.0	270.3	113.0	225.0
12.04.	2618	2474	2799	2513	2746	2793		2572.3	2421.1	2811.1	2570.4	2928.9	2708.7		2601.0	2593.8	2811.1	2421.1	167.0	268.0	198.0	229.9
13.04.	2621	2486	2736	2537	2678	2762		2568.1	2437.7	2804.3	2555.0	2877.0	2715.3		2595.0	2591.3	2804.3	2437.7	163.0	249.7	290.0	233.4
14.04.	2518	2375	2578	2419	2727	2690		2558.7	2424.9	2774.4	2550.3	2831.1	2712.9		2472.5	2577.1	2774.4	2424.9	218.0	232.3	310.0	236.0
15.04.	2544	2411	2544	2671	2735	2760		2543.1	2424.0	2737.9	2550.4	2770.0	2725.0		2542.5	2563.9	2737.9	2424.0	231.0	216.1	259.0	233.1
16.04.	2471	2274	2600	2580	2820	2779		2534.4	2414.4	2707.9	2555.9	2749.0	2725.1		2481.25	2553.1	2707.9	2414.4	191.0	197.0	234.0	231.0
17.04.	2394	2290	2624	2629	2917	2684		2530.3	2386.9	2665.9	2556.0	2773.3	2721.4		2484.25	2534.8	2665.9	2386.9	175.0	192.3	195.0	228.4
18.04.	2370	2431	2542	2623	2718	2593		2505.1	2391.6	2631.9	2567.4	2763.0	2723.0		2491.5	2524.0	2631.9	2391.6	123.0	181.1	128.0	230.6
19.04.	2351	2304	2547	2594	2666	2868		2467.0	2367.3	2595.9	2579.0	2751.6	2733.7		2449.0	2502.3	2595.9	2367.3	119.0	174.3	215.0	233.0
20.04.	2425	2387	2696	2504	2650	2800		2439.0	2353.1	2590.1	2574.3	2747.6	2739.1		2503.0	2489.1	2590.1	2353.1	150.0	172.4	300.0	234.4
21.04.	2422	2404	2479	2488	2735	2811		2425.3	2357.3	2576.0	2584.1	2748.7	2756.4		2448.25	2485.7	2584.1	2357.3	139.0	161.1	287.0	231.1
22.04.	2466	2428	2504	2435	2699	2684		2414.1	2359.7	2570.3	2550.4	2743.6	2745.6		2458.25	2473.6	2570.3	2359.7	125.0	146.0	277.0	233.7
23.04.	2428	2393	2512	2714	2745	2824		2408.0	2376.7	2557.7	2569.6	2732.9	2752.0		2511.75	2478.0	2569.6	2376.7	117.0	135.4	245.0	235.3
24.04.	2313	2499	2510	2704	2734	2723		2396.4	2406.6	2541.4	2580.3	2706.7	2757.6		2506.5	2481.2	2580.3	2396.4	84.0	122.4	182.0	233.4
25.04.	2423	2523	2508	2675	2542	2529		2404.0	2419.7	2536.6	2587.7	2681.6	2748.4		2532.25	2487.0	2587.7	2404.0	80.0	116.3	98.0	229.1
26.04.	2437	2544	2369	2594	2452	2724		2416.3	2454.0	2511.1	2587.7	2651.0	2727.9		2486.0	2492.3	2587.7	2416.3	30.0	103.6	208.0	228.1
27.04.	2502	2558	2380	2439	2624	2876		2427.3	2478.4	2466.0	2578.4	2647.3	2738.7		2469.75	2487.5	2578.4	2427.3	75.0	92.9	237.0	219.1
28.04.	2413	2606	2486	2333	2577	2818		2426.0	2507.3	2467.0	2556.3	2624.7	2739.7		2459.5	2489.1	2556.3	2426.0	83.0	84.9	225.0	210.3
29.04.	2379	2475	2328	2393	2767	2825		2413.6	2514.0	2441.9	2550.3	2634.4	2759.9		2393.75	2479.9	2550.3	2413.6	58.0	75.3	207.0	200.3
30.04.	2497	2429	2491	2511	2708	2843		2423.4	2519.1	2438.9	2521.3	2629.1	2762.6		2482.0	2475.7	2521.3	2423.4	71.0	68.7	181.0	191.1
01.05.	2402	2391	2459	2456	2496	2806		2436.1	2503.7	2431.6	2485.9	2595.1	2774.4		2427.0	2464.3	2503.7	2431.6	48.0	63.6	134.0	184.3
02.05.	2491	2508	2399	2445	2434	2614		2445.9	2501.6	2416.0	2453.0	2579.7	2786.6		2460.75	2454.1	2501.6	2416.0	36.0	57.3	96.0	184.0
03.05.	2396	2459	2392	2536	2314	2728		2440.0	2489.4	2419.3	2444.7	2560.0	2787.1		2445.75	2448.4	2489.4	2419.3	16.0	55.3	140.0	174.3
04.05.	2413	2496	2397	2464	2511	2754		2427.3	2480.6	2421.7	2448.3	2543.9	2769.7		2442.5	2444.5	2480.6	2421.7	41.0	50.4	205.0	169.7
05.05.	2226	2472	2454	2285	2509	2884		2400.6	2461.4	2417.1	2441.4	2534.1	2779.1		2359.25	2430.1	2461.4	2400.6	45.0	45.0	188.0	164.4
06.05.	2505	2431	2197	2428	2556	2711		2418.6	2455.1	2398.4	2446.4	2504.0	2762.9		2390.25	2429.6	2455.1	2398.4	40.0	42.4	148.0	156.0
07.05.	2503	2372	2422	2369	2534	2764		2419.4	2447.0	2388.6	2426.1	2479.1	2751.6		2416.5	2420.3	2447.0	2388.6	49.0	39.3	152.0	151.9
08.05.	2367	2460	2574	2519	2568	2650		2414.4	2456.9	2405.0	2435.1	2489.4	2729.3		2480.0	2427.9	2456.9	2405.0	45.0	38.9	96.0	146.4
09.05.	2552	2324	2646	2563	2556	2817		2423.1	2430.6	2440.3	2452.0	2506.9	2758.3		2521.25	2436.5	2452.0	2423.1	23.0	37.0	69.0	142.6
10.05.	2648	2455	2466	2561	2417	2908		2459.1	2430.0	2450.9	2455.6	2521.6	2784.0		2532.5	2448.9	2459.1	2430.0	14.0	36.7	103.0	137.3
11.05.	2600	2510	2387	2431	2461	2959		2485.9	2432.0	2449.4	2450.9	2514.4	2813.3		2482.0	2454.5	2485.9	2432.0	26.0	34.6	141.0	128.1
12.05.	2573	2588	2406	2247	2453	2606		2535.4	2448.6	2442.6	2445.4	2506.4	2773.6		2453.5	2468.0	2535.4	2442.6	32.0	32.7	131.0	120.0
13.05.	2562	2515	2325	2431	2515	2502		2543.6	2460.6	2460.9	2445.9	2500.6	2743.7		2458.25	2477.7	2543.6	2445.9	27.0	30.9	74.0	109.4
14.05.	2399	2491	2483	2459	2420	2685		2528.7	2477.6	2469.6	2458.7	2484.3	2732.4		2458.0	2483.6	2528.7	2458.7	20.0	26.7	85.0	99.9
15.05.	2295	2353	2483	2374	2465	2525		2518.4	2462.3	2456.6	2438.0	2469.6	2714.6		2376.25	2468.8	2518.4	2438.0	31.0	24.7	80.0	97.6
16.05.	2278	2475	2345	2508	2333	2403		2479.3	2483.9	2413.6	2430.1	2437.7	2655.4		2401.5	2451.7	2483.9	2413.6	20.0	24.3	48.0	94.6
17.05.	2340	2625	2362	2575	2354	2595		2435.3	2508.1	2398.7	2432.1	2428.7	2610.7		2475.5	2443.6	2508.1	2398.7	8.0	23.4	80.0	91.3
18.05.	2332	2593	2272	2559	2493	2515		2397.0	2520.0	2382.3	2450.4	2433.3	2547.3		2439.0	2437.4	2520.0	2382.3	23.0	23.0	88.0	83.7
19.05.	2442	2515	2363	2409	2527	2544		2378.3	2509.6	2376.1	2473.6	2443.9	2538.4		2432.25	2434.4	2509.6	2376.1	27.0	22.3	74.0	75.6
20.05.	2410	2342	2180	2533	2602	2553		2356.6	2484.9	2355.4	2488.1	2456.3	2545.7		2366.25	2421.2	2488.1	2355.4	23.0	21.7	62.0	73.9
21.05.	2401	2176	2184	2561	2410	2650		2356.9	2439.9	2312.7	2502.7	2454.9	2540.7		2330.5	2403.0	2502.7	2312.7	7.0	19.9	68.0	71.4
22.05.	2398	2346	2370	2425	2473	2536		2371.6	2438.9	2296.6	2510.0	2456.0	2542.3		2384.75	2404.2	2510.0	2296.6	16.0	17.7	45.0	66.4
23.05.	2407	2399	2462	2414	2381	2394		2390.0	2428.0	2313.3	2496.6	2462.9	2541.0		2420.5	2407.0	2496.6	2313.3	11.0	16.4	23.0	62.9
24.05.	2344	2392	2346	2538	2277	2395		2390.6	2394.7	2311.0	2491.3	2451.9	2512.4		2405.0	2396.9	2491.3	2311.0	5.0	16.0	23.0	54.7
25.05.	2402	2231	2478	2335	2428	2546		2400.6	2343.0	2340.4	2459.3	2442.6	2516.9		2361.5	2385.8	2459.3	2340.4	13.0	14.6	51.0	49.4
26.05.	2194	2442	2361	2274	2421	2465		2365.1	2332.6	2340.1	2440.0	2427.4	2505.6		2317.75	2369.5	2440.0	2332.6	15.0	12.9	61.0	47.6
27.05.	2346	2304	2312	2471	2427	2544		2356.0	2327.1	2359.0	2431.1	2402.4	2504.3		2358.25	2368.3	2431.1	2327.1	12.0	11.3	43.0	44.9
28.05.	2309	2337	2577	2356	2478	2445		2342.9	2350.1	2415.1	2401.9	2412.1	2475.0		2394.75	2377.5	2415.1	2342.9	9.0	11.6	35.0	40.1
29.05.	2284	2655	2600	2410	2411	2399		2326.6	2394.3	2448.0	2399.7	2403.3	2455.4		2487.25	2392.1	2448.0	2326.6	8.0	10.4	27.0	37.6
30.05.	2361	2534	2547	2290	2383	2361		2320.0	2413.6	2460.1	2382.0	2403.6	2450.7		2433.0	2393.9	2460.1	2320.0	4.0	9.4	17.0	36.7
31.05.	2345	2492	2399	2443	2228	2537		2320.1	2427.9	2467.7	2368.4	2396.6	2471.0		2419.75	2396.0	2467.7	2320.1	3.0	9.1	25.0	37.0
01.06.	2369	2326	2452	2460	2316	2565		2315.4	2441.4	2464.0	2386.3	2380.6	2473.7		2401.75	2401.8	2464.0	2315.4	5.0	8.0	25.0	33.3
02.06.	2416	2368	2296	2491	2537	2634		2347.1	2430.9	2454.7	2417.3	2397.1	2497.9		2392.75	2412.5	2454.7	2347.1	8.0	7.0	32.0	29.1
03.06.	2349	2306	2168	2574	2591	2644		2347.6	2431.1	2434.1	2432.0	2420.6	2512.1		2349.25	2411.2	2434.1	2347.6	11.0	6.9	18.0	25.6
04.06.	2338	2221	2356	2685	2694	2801		2351.7	2414.6	2402.6	2479.0	2451.4	2563.0		2400.0	2412.0	2479.0	2351.7	7.0	6.6	14.0	22.6
05.06.	2168	2137	2431	2754	2492	2654		2335.1	2340.6	2378.4	2528.1	2463.0	2599.4		2372.5	2395.6	2528.1	2335.1	5.0	6.1	16.0	21.0
06.06.	2378	2324	2358	2512	2372	2327		2337.6	2310.6	2351.4	2559.9	2461.4	2594.6		2393.0	2389.9	2559.9	2310.6	5.0	6.3	10.0	20.0
07.06.	2334	2273	2401	2331	2260	2534		2336.0	2279.3	2351.7	2543.9	2466.0	2594.1		2334.75	2377.7	2543.9	2279.3	4.0	6.4	12.0	18.1
08.06.	2355	2260	2481	2375	2311	2469		2334.0	2269.9	2355.9	2531.7	2465.3	2580.4		2367.75	2372.9	2531.7	2269.9	3.0	6.1	12.0	16.3
09.06.	2177	2385	2373	2260	2321	2574		2299.9	2272.3	2366.9	2498.7	2434.4	2571.9		2298.75	2359.4	2498.7	2272.3	1.0	5.1	10.0	13.1
10.06.	2265	2261	2314	2259	2382	2529		2287.9	2265.9	2387.7	2453.7	2404.6	2555.4		2274.75	2348.8	2453.7	2265.9	10.0	5.0	10.0	12.0
11.06.	2121	2206	2317	2394	2318	2553		2256.9	2263.7	2382.1	2412.1	2350.9	2520.0		2259.5	2328.7	2412.1	2256.9	1.0	4.1	11.0	11.6
12.06.	2169	2407	2196	2403	2521	2539		2257.0	2302.3	2348.6	2362.0	2355.0	2503.6		2293.75	2317.5	2362.0	2257.0	11.0	5.0	4.0	9.9
13.06.	2293	2302	2178	2317	2445	2207		2244.9	2299.1	2322.9	2334.1	2365.4	2486.4		2272.5	2300.2	2334.1	2244.9	1.0	4.4	7.0	9.4
14.06.	2288	2247	2212	2454	2303	2393		2238.3	2295.4	2295.9	2351.7	2371.6	2466.3		2300.25	2295.3	2351.7	2238.3	6.0	4.7	14.0	9.7
15.06.	2259	2394	2265	2405	2311	2535		2224.6	2314.6	2265.0	2356.0	2371.6	2475.7		2330.75	2290.0	2356.0	2224.6	4.0	4.9	10.0	9.4
16.06.	2370	2302	2307	2252	2401	2579		2252.1	2302.7	2255.6	2354.9	2383.0	2476.4		2307.75	2291.3	2354.9	2252.1	11.0	6.3	9.0	9.3
17.06.	2208	2171	2107	2288	2394	2754		2244.0	2289.9	2226.0	2359.0	2384.7	2508.6		2193.5	2279.7	2359.0	2226.0	7.0	5.9	7.0	8.9
18.06.	2186	2264	2273	2510	2384	2985		2253.3	2298.1	2219.7	2375.6	2394.1	2570.3		2308.25	2286.7	2375.6	2219.7	3.0	6.1	4.0	7.9
19.06.	2113	2335	2333	2656	2369	2960		2245.3	2287.9	2239.3	2411.7	2372.4	2630.4		2359.25	2296.0	2411.7	2239.3	9.0	5.9	0.0	7.3
20.06.	2314	2470	2348	2417	2350	2836		2248.3	2311.9	2263.6	2426.0	2358.9	2720.3		2387.25	2312.4	2426.0	2248.3	4.0	6.3	2.0	6.6
21.06.	2346	2342	2410	2332	2192	2765		2256.6	2325.4	2291.9	2408.6	2343.0	2773.4		2357.5	2320.6	2408.6	2256.6	3.0	5.9	5.0	5.3
22.06.	2506	2545	2191	2222	2474	2502		2291.9	2347.0	2281.3	2382.4	2366.3	2768.7		2366.0	2325.6	2382.4	2281.3	1.0	5.4	9.0	5.1
23.06.	2475	2551	2118	2214	2453	2428		2306.9	2382.6	2254.3	2377.0	2373.7	2747.1		2339.5	2330.2	2382.6	2254.3	7.0	4.9	3.0	4.3
24.06.	2712	2316	2170	2476	2379	2427		2378.9	2403.3	2263.3	2403.9	2371.6	2700.4		2418.5	2362.3	2403.9	2263.3	2.0	4.1	5.0	4.0
25.06.	2492	2260	2319	2648	2456	2342		2422.6	2402.7	2269.9	2423.6	2381.9	2608.6		2429.75	2379.7	2423.6	2269.9	5.0	4.4	6.0	4.3
26.06.	2065	2361	2356	2871	2552	2405		2415.7	2406.4	2273.1	2454.3	2408.0	2529.3		2413.25	2387.4	2454.3	2273.1	7.0	4.1	0.0	4.3
27.06.	2191	2281	2277	2680	2599	2309		2398.1	2379.4	2263.0	2491.9	2443.6	2454.0		2357.25	2383.1	2491.9	2263.0	2.0	3.9	2.0	4.3
28.06.	2302	2392	2442	2383	2380	2562		2391.9	2386.6	2267.6	2499.1	2470.4	2425.0		2379.75	2386.3	2499.1	2267.6	0.0	3.4	4.0	4.1
29.06.	2348	2355	2480	2359	2305	2468		2369.3	2359.4	2308.9	2518.7	2446.3	2420.1		2385.5	2389.1	2518.7	2308.9	4.0	3.9	6.0	3.7
30.06.	2279	2282	2399	2501	2297	2419		2341.3	2321.0	2349.0	2559.7	2424.0	2418.9		2365.25	2392.8	2559.7	2321.0	1.0	3.0	1.0	3.4
01.07.	2431	2218	2296	2616	2457	2334		2301.1	2307.0	2367.0	2579.7	2435.1	2405.6		2390.25	2388.7	2579.7	2301.1	5.0	3.4	5.0	3.4
02.07.	2145	2187	2229	2325	2424	2443		2251.6	2296.6	2354.1	2533.6	2430.6	2420.0		2221.5	2359.0	2533.6	2251.6	4.0	3.3	3.0	3.0
03.07.	2003	2309	2437	2305	2356	2421		2242.7	2289.1	2365.7	2452.7	2402.6	2422.3		2263.5	2337.6	2452.7	2242.7	6.0	3.1	2.0	3.3
04.07.	2298	2223	2423	2347	2275	2334		2258.0	2280.9	2386.6	2405.1	2356.3	2425.9		2322.75	2332.6	2405.1	2258.0	2.0	3.1	2.0	3.3
05.07.	2368	2366	2575	2438	2343	2404		2267.4	2277.1	2405.6	2413.0	2351.0	2403.3		2436.75	2340.8	2413.0	2267.4	4.0	3.7	2.0	3.0
06.07.	2231	2345	2428	2338	2399	2464		2250.7	2275.7	2398.1	2410.0	2364.4	2402.7		2335.5	2333.6	2410.0	2250.7	6.0	4.0	5.0	2.9
07.07.	2261	2523	2259	2183	2321	2444		2248.1	2310.1	2378.1	2364.6	2367.9	2406.3		2306.5	2325.2	2378.1	2248.1	4.0	4.4	3.0	3.1
08.07.	2455	2395	2271	2183	2253	2508		2251.6	2335.4	2374.6	2302.7	2338.7	2431.1		2326.0	2316.1	2374.6	2251.6	6.0	4.6	2.0	2.7
09.07.	2284	2263	2381	2284	2391	2374		2271.4	2346.3	2396.3	2296.9	2334.0	2421.3		2303.0	2327.7	2396.3	2271.4	5.0	4.7	7.0	3.3
10.07.	2332	2342	2317	2325	2430	2431		2318.4	2351.0	2379.1	2299.7	2344.6	2422.7		2329.0	2337.1	2379.1	2299.7	3.0	4.3	5.0	3.7
11.07.	2559	2373	2270	2423	2200	2321		2355.7	2372.4	2357.3	2310.6	2333.9	2420.9		2406.25	2349.0	2372.4	2310.6	0.0	4.0	0.0	3.4
12.07.	2435	2311	2404	2471	2148	2519		2365.3	2364.6	2332.9	2315.3	2306.0	2437.3		2405.25	2344.5	2365.3	2315.3	1.0	3.6	4.0	3.7
13.07.	2313	2138	2302	2355	2283	2615		2377.0	2335.0	2314.9	2317.7	2289.4	2458.9		2277.0	2336.1	2377.0	2314.9	5.0	3.4	6.0	3.9
14.07.	2216	2158	2192	2278	2430	2503		2370.6	2282.9	2305.3	2331.3	2305.0	2467.3		2211.0	2322.5	2370.6	2282.9	2.0	3.1	6.0	4.3
15.07.	2139	2180	2204	2306	2426	2553		2325.4	2252.1	2295.7	2348.9	2329.7	2473.7		2207.25	2305.5	2348.9	2252.1	6.0	3.1	2.0	4.3
16.07.	2225	2101	2452	2352	2364	2632		2317.0	2229.0	2305.9	2358.6	2325.9	2510.6		2282.5	2302.6	2358.6	2229.0	7.0	3.4	3.0	3.7
17.07.	2285	2246	2487	2340	2337	2425		2310.3	2215.3	2330.1	2360.7	2312.6	2509.7		2339.5	2304.1	2360.7	2215.3	6.0	3.9	5.0	3.7
18.07.	2294	2386	2348	2395	2329	2367		2272.4	2217.1	2341.3	2356.7	2331.0	2516.3		2355.75	2296.9	2356.7	2217.1	0.0	3.9	3.0	4.1
19.07.	2316	2384	2342	2573	2368	2511		2255.4	2227.6	2332.4	2371.3	2362.4	2515.1		2403.75	2296.7	2371.3	2227.6	4.0	4.3	4.0	4.1
20.07.	2441	2461	2453	2541	2445	2473		2273.7	2273.7	2354.0	2397.9	2385.6	2494.9		2474.0	2324.8	2397.9	2273.7	4.0	4.1	8.0	4.4
21.07.	2593	2406	2352	2349	2315	2378		2327.6	2309.1	2376.9	2408.0	2369.1	2477.0		2425.0	2355.4	2408.0	2309.1	4.0	4.4	7.0	4.6
22.07.	2659	2427	2268	2444	2317	2526		2401.9	2344.4	2386.0	2427.7	2353.6	2473.1		2449.5	2390.0	2427.7	2344.4	9.0	4.9	5.0	5.0
23.07.	2366	2279	2492	2447	2391	2571		2422.0	2369.9	2391.7	2441.3	2357.4	2464.4		2396.0	2406.2	2441.3	2369.9	3.0	4.3	4.0	5.1
24.07.	2316	2258	2422	2739	2526	2517		2426.4	2371.6	2382.4	2498.3	2384.4	2477.6		2433.75	2419.7	2498.3	2371.6	10.0	4.9	10.0	5.9
25.07.	2449	2248	2525	3006	2510	2595		2448.6	2351.9	2407.7	2585.6	2410.3	2510.1		2557.0	2448.4	2585.6	2351.9	3.0	5.3	1.0	5.6
26.07.	2345	2285	2674	3293	2383	2501		2452.7	2337.7	2455.1	2688.4	2412.4	2508.7		2649.25	2483.5	2688.4	2337.7	0.0	4.7	5.0	5.7
27.07.	2267	2317	2840	3056	2433	2526		2427.9	2317.1	2510.4	2762.0	2410.7	2516.3		2620.0	2504.4	2762.0	2317.1	7.0	5.1	7.0	5.6
28.07.	2313	2240	2885	2645	2599	2436		2387.9	2293.4	2586.6	2804.3	2451.3	2524.6		2520.75	2518.0	2804.3	2293.4	5.0	5.3	20.0	7.4
29.07.	2311	2354	2502	2579	2376	2437		2338.1	2283.0	2620.0	2823.6	2459.7	2511.9		2436.5	2516.2	2823.6	2283.0	5.0	4.7	10.0	8.1
30.07.	2250	2356	2731	2603	2361	2532		2321.6	2294.0	2654.1	2845.9	2455.4	2506.3		2485.0	2528.9	2845.9	2294.0	5.0	5.0	14.0	9.6
31.07.	2222	2332	2844	2387	2605	2456		2308.1	2304.6	2714.4	2795.6	2466.7	2497.6		2446.25	2530.7	2795.6	2304.6	13.0	5.4	7.0	9.1
01.08.	2197	2528	3005	2378	2590	2309		2272.1	2344.6	2783.0	2705.9	2478.1	2456.7		2527.0	2526.4	2783.0	2272.1	1.0	5.1	6.0	9.9
02.08.	2216	2394	2876	2483	2469	2331		2253.7	2360.1	2811.9	2590.1	2490.4	2432.4		2492.25	2504.0	2811.9	2253.7	1.0	5.3	12.0	10.9
03.08.	2305	2454	3053	2404	2408	2374		2259.1	2379.7	2842.3	2497.0	2486.9	2410.7		2554.0	2494.5	2842.3	2259.1	9.0	5.6	11.0	11.4
04.08.	2269	2374	3091	2200	2286	2445		2252.9	2398.9	2871.7	2433.4	2442.1	2412.0		2483.5	2489.2	2871.7	2252.9	6.0	5.7	11.0	10.1
05.08.	2202	2260	2771	2354	2389	2519		2237.3	2385.4	2910.1	2401.3	2444.0	2423.7		2396.75	2483.5	2910.1	2237.3	3.0	5.4	16.0	11.0
06.08.	2149	2152	2596	2453	2398	2558		2222.9	2356.3	2890.9	2379.9	2449.3	2427.4		2337.5	2462.5	2890.9	2222.9	6.0	5.6	17.0	11.4
07.08.	2101	2223	2878	2512	2543	2461		2205.6	2340.7	2895.7	2397.7	2440.4	2428.1		2428.5	2459.9	2895.7	2205.6	5.0	4.4	14.0	12.4
08.08.	2307	2414	2964	2258	2670	2295		2221.3	2324.4	2889.9	2380.6	2451.9	2426.1		2485.75	2454.0	2889.9	2221.3	2.0	4.6	5.0	12.3
09.08.	2134	2301	2896	2459	2776	2434		2209.6	2311.1	2892.7	2377.1	2495.7	2440.9		2447.5	2447.6	2892.7	2209.6	2.0	4.7	18.0	13.1
10.08.	2191	2261	2589	2374	2782	2489		2193.3	2283.6	2826.4	2372.9	2549.1	2457.3		2353.75	2419.0	2826.4	2193.3	2.0	3.7	24.0	15.0
11.08.	2107	2239	2321	2130	3043	2494		2170.1	2264.3	2716.4	2362.9	2657.3	2464.3		2199.25	2378.4	2716.4	2170.1	2.0	3.1	21.0	16.4
12.08.	2229	2172	2234	2278	3003	2471		2174.0	2251.7	2639.7	2352.0	2745.0	2457.4		2228.25	2354.4	2639.7	2174.0	10.0	4.1	28.0	18.1
13.08.	2327	2174	2557	2167	2883	2653		2199.4	2254.9	2634.1	2311.1	2814.3	2471.0		2306.25	2349.9	2634.1	2199.4	2.0	3.6	18.0	18.3
14.08.	2192	2292	2452	2208	2867	2572		2212.4	2264.7	2573.3	2267.7	2860.6	2486.9		2286.0	2329.5	2573.3	2212.4	6.0	3.7	20.0	19.1
15.08.	2394	2299	2307	2241	2654	2411		2224.9	2248.3	2479.4	2265.3	2858.3	2503.4		2310.25	2304.5	2479.4	2224.9	4.0	4.0	13.0	20.3
16.08.	2238	2469	2433	2395	2488	2638		2239.7	2272.3	2413.3	2256.1	2817.1	2532.6		2383.75	2295.4	2413.3	2239.7	5.0	4.4	21.0	20.7
17.08.	2375	2320	2433	2288	2494	2462		2266.0	2280.7	2391.0	2243.9	2776.0	2528.7		2354.0	2295.4	2391.0	2243.9	8.0	5.3	37.0	22.6
18.08.	2366	2414	2373	2357	2560	2476		2303.0	2305.7	2398.4	2276.3	2707.0	2526.1		2377.5	2320.9	2398.4	2276.3	10.0	6.4	44.0	25.9
19.08.	2324	2259	2335	2300	2553	2533		2316.6	2318.1	2412.9	2279.4	2642.7	2535.0		2304.5	2331.8	2412.9	2279.4	1.0	5.1	35.0	26.9
20.08.	2319	2095	2458	2291	2508	2519		2315.4	2306.9	2398.7	2297.1	2589.1	2515.9		2290.75	2329.5	2398.7	2297.1	7.0	5.9	35.0	29.3
21.08.	2242	2201	2397	2168	2683	2401		2322.6	2293.9	2390.9	2291.4	2562.9	2491.4		2252.0	2324.7	2390.9	2291.4	3.0	5.4	27.0	30.3
22.08.	2321	2206	2468	2250	2512	2407		2312.1	2280.6	2413.9	2292.7	2542.6	2490.9		2311.25	2324.8	2413.9	2280.6	2.0	5.1	21.0	31.4
23.08.	2330	2157	2575	2324	2249	2473		2325.3	2236.0	2434.1	2282.6	2508.4	2467.3		2346.5	2319.5	2434.1	2236.0	0.0	4.4	48.0	35.3
24.08.	2479	2391	2410	2390	2335	2371		2340.1	2246.1	2430.9	2297.1	2485.7	2454.3		2417.5	2328.6	2430.9	2246.1	5.0	4.0	54.0	37.7
25.08.	2479	2323	2212	2540	2418	2522		2356.3	2233.1	2407.9	2323.3	2465.4	2460.9		2388.5	2330.1	2407.9	2233.1	2.0	2.9	59.0	39.9
26.08.	2511	2377	2092	2589	2394	2534		2383.0	2250.0	2373.1	2364.6	2442.7	2461.0		2392.25	2342.7	2383.0	2250.0	2.0	3.0	48.0	41.7
27.08.	2487	2225	2317	2596	2278	2390		2407.0	2268.6	2353.0	2408.1	2409.9	2442.6		2406.25	2359.2	2408.1	2268.6	1.0	2.1	53.0	44.3
28.08.	2540	2282	2356	2646	2430	2424		2449.6	2280.1	2347.1	2476.4	2373.7	2445.9		2456.0	2388.3	2476.4	2280.1	3.0	2.1	52.0	47.9
29.08.	2441	2398	2311	2557	2485	2432		2466.7	2307.6	2324.7	2520.3	2369.9	2449.4		2426.75	2404.8	2520.3	2307.6	2.0	2.1	29.0	49.0
30.08.	2254	2484	2380	2456	2316	2442		2455.9	2354.3	2296.9	2539.1	2379.4	2445.0		2393.5	2411.5	2539.1	2296.9	3.0	2.6	51.0	49.4
31.08.	2269	2350	2230	2398	2278	2426		2425.9	2348.4	2271.1	2540.3	2371.3	2452.9		2311.75	2396.4	2540.3	2271.1	4.0	2.4	77.0	52.7
01.09.	2419	2205	2197	2395	2451	2520		2417.3	2331.6	2269.0	2519.6	2376.0	2452.6		2304.0	2384.4	2519.6	2269.0	3.0	2.6	71.0	54.4
02.09.	2294	2239	2209	2253	2409	2492		2386.3	2311.9	2285.7	2471.6	2378.1	2446.6		2248.75	2363.9	2471.6	2285.7	3.0	2.7	77.0	58.6
03.09.	2217	2106	2471	2244	2439	2590		2347.7	2294.9	2307.7	2421.3	2401.1	2475.1		2259.5	2342.9	2421.3	2294.9	7.0	3.6	66.0	60.4
04.09.	2207	2180	2427	2401	2477	2482		2300.1	2280.3	2317.9	2386.3	2407.9	2483.4		2303.75	2321.1	2386.3	2280.3	7.0	4.1	55.0	60.9
05.09.	2214	2231	2386	2356	2395	2367		2267.7	2256.4	2328.6	2357.6	2395.0	2474.1		2296.75	2302.6	2357.6	2256.4	8.0	5.0	23.0	60.0
06.09.	2299	2335	2379	2244	2340	2611		2274.1	2235.1	2328.4	2327.3	2398.4	2498.3		2314.25	2291.2	2328.4	2235.1	4.0	5.1	69.0	62.6
07.09.	2283	2233	2428	2227	2433	2632		2276.1	2218.4	2356.7	2302.9	2420.6	2527.7		2292.75	2288.5	2356.7	2218.4	6.0	5.4	88.0	64.1
08.09.	2398	2222	2153	2263	2429	2647		2273.1	2220.9	2350.4	2284.0	2417.4	2545.9		2259.0	2282.1	2350.4	2220.9	19.0	7.7	60.0	62.6
09.09.	2432	2314	2146	2384	2545	2911		2292.9	2231.6	2341.4	2302.7	2436.9	2605.7		2319.0	2292.1	2341.4	2231.6	9.0	8.6	73.0	62.0
10.09.	2229	2191	2281	2266	2502	2868		2294.6	2243.7	2314.3	2305.9	2445.9	2645.4		2241.75	2289.6	2314.3	2243.7	6.0	8.4	70.0	62.6
11.09.	2261	2341	2363	2299	2507	2661		2302.3	2266.7	2305.1	2291.3	2450.1	2671.0		2316.0	2291.4	2305.1	2266.7	12.0	9.1	56.0	62.7
12.09.	2337	2294	2449	2345	2437	2475		2319.9	2275.7	2314.1	2289.7	2456.1	2686.4		2356.25	2299.9	2319.9	2275.7	8.0	9.1	25.0	63.0
13.09.	2440	2334	2380	2405	2302	2580		2340.0	2275.6	2314.3	2312.7	2450.7	2682.0		2389.75	2310.6	2340.0	2275.6	8.0	9.7	57.0	61.3
14.09.	2435	2304	2420	2349	2503	2685		2361.7	2285.7	2313.1	2330.1	2460.7	2689.6		2377.0	2322.7	2361.7	2285.7	5.0	9.6	73.0	59.1
15.09.	2421	2284	2186	2255	2656	2735		2365.0	2294.6	2317.9	2329.0	2493.1	2702.1		2286.5	2326.6	2365.0	2294.6	16.0	9.1	82.0	62.3
16.09.	2367	2330	2213	2363	2575	2624		2355.7	2296.9	2327.4	2326.0	2497.4	2661.1		2318.25	2326.5	2355.7	2296.9	15.0	10.0	51.0	59.1
17.09.	2262	2259	2351	2392	2556	2571		2360.4	2306.6	2337.4	2344.0	2505.1	2618.7		2316.0	2337.1	2360.4	2306.6	9.0	10.4	52.0	56.6
18.09.	2110	2271	2476	2359	2412	2427		2338.9	2296.6	2353.6	2352.6	2491.6	2585.3		2304.0	2335.4	2353.6	2296.6	15.0	10.9	36.0	53.7
19.09.	2221	2382	2439	2336	2472	2374		2322.3	2309.1	2352.1	2351.3	2496.6	2570.9		2344.5	2333.7	2352.1	2309.1	12.0	11.4	22.0	53.3
20.09.	2234	2280	2553	2336	2381	2501		2292.9	2301.4	2376.9	2341.4	2507.9	2559.6		2350.75	2328.1	2376.9	2292.9	10.0	11.7	57.0	53.3
21.09.	2251	2420	2390	2384	2480	2503		2266.6	2318.0	2372.6	2346.4	2504.6	2533.6		2361.25	2325.9	2372.6	2266.6	18.0	13.6	56.0	50.9
22.09.	2185	2434	2153	2330	2495	2552		2232.9	2339.4	2367.9	2357.1	2481.6	2507.4		2275.5	2324.3	2367.9	2232.9	15.0	13.4	57.0	47.3
23.09.	2230	2392	2289	2558	2612	2604		2213.3	2348.3	2378.7	2385.0	2486.9	2504.6		2367.25	2331.3	2385.0	2213.3	11.0	12.9	52.0	47.4
24.09.	2301	2326	2308	2497	2523	2744		2218.9	2357.9	2372.6	2400.0	2482.1	2529.3		2358.0	2337.3	2400.0	2218.9	18.0	14.1	57.0	48.1
25.09.	2184	2379	2158	2610	2577	2627		2229.4	2373.3	2327.1	2435.9	2505.7	2557.9		2332.75	2341.4	2435.9	2229.4	15.0	14.1	42.0	49.0
26.09.	2328	2370	2315	2497	2423	2544		2244.7	2371.6	2309.4	2458.9	2498.7	2582.1		2377.5	2346.1	2458.9	2244.7	26.0	16.1	24.0	49.3
27.09.	2363	2428	2338	2527	2336	2685		2263.1	2392.7	2278.7	2486.1	2492.3	2608.4		2414.0	2355.2	2486.1	2263.1	7.0	15.7	62.0	50.0
28.09.	2266	2390	2369	2313	2481	2527		2265.3	2388.4	2275.7	2476.0	2492.4	2611.9		2334.5	2351.4	2476.0	2265.3	19.0	15.9	66.0	51.4
29.09.	2378	2490	2242	2400	2568	2546		2292.9	2396.4	2288.4	2486.0	2502.9	2611.0		2377.5	2365.9	2486.0	2288.4	15.0	15.9	81.0	54.9
30.09.	2471	2427	2239	2434	2527	2556		2327.3	2401.4	2281.3	2468.3	2490.7	2604.1		2392.75	2369.6	2468.3	2281.3	16.0	16.6	61.0	56.1
01.10.	2259	2263	2380	2517	2607	2563		2321.3	2392.4	2291.6	2471.1	2502.7	2578.3		2354.75	2369.1	2471.1	2291.6	26.0	17.7	63.0	57.0
02.10.	2271	2441	2394	2468	2537	2698		2333.7	2401.3	2325.3	2450.9	2497.0	2588.4		2393.5	2377.8	2450.9	2325.3	25.0	19.1	49.0	58.0
03.10.	2219	2342	2274	2341	2477	2466		2318.1	2397.3	2319.4	2428.6	2504.7	2577.3		2294.0	2365.9	2428.6	2318.1	12.0	17.1	25.0	58.1
04.10.	2307	2255	2390	2515	2417	2492		2310.1	2372.6	2326.9	2426.9	2516.3	2549.7		2366.75	2359.1	2426.9	2310.1	9.0	17.4	57.0	57.4
05.10.	2294	2470	2435	2382	2444	2688		2314.1	2384.0	2336.3	2436.7	2511.0	2572.7		2395.25	2367.8	2436.7	2314.1	34.0	19.6	91.0	61.0
06.10.	2429	2426	2466	2242	2537	2540		2321.4	2374.9	2368.3	2414.1	2506.6	2571.9		2390.75	2369.7	2414.1	2321.4	27.0	21.3	94.0	62.9
07.10.	2368	2404	2283	2397	2530	2654		2306.7	2371.6	2374.6	2408.9	2507.0	2585.9		2363.0	2365.4	2408.9	2306.7	35.0	24.0	79.0	65.4
08.10.	2443	2326	2338	2546	2504	2754		2333.0	2380.6	2368.6	2413.0	2492.3	2613.1		2413.25	2373.8	2413.0	2333.0	42.0	26.3	70.0	66.4
09.10.	2292	2424	2394	2598	2635	2498		2336.0	2378.1	2368.6	2431.6	2506.3	2584.6		2427.0	2378.6	2431.6	2336.0	44.0	29.0	47.0	66.1
10.10.	2403	2575	2475	2516	2548	2498		2362.3	2411.4	2397.3	2456.6	2516.4	2589.1		2492.25	2406.9	2456.6	2362.3	39.0	32.9	37.0	67.9
11.10.	2415	2465	2525	2477	2303	2688		2377.7	2441.4	2416.6	2451.1	2500.1	2617.1		2470.5	2421.7	2451.1	2377.7	25.0	35.1	79.0	71.0
12.10.	2447	2516	2455	2559	2490	2713		2399.6	2448.0	2419.4	2476.4	2506.7	2620.7		2494.25	2435.9	2476.4	2399.6	59.0	38.7	100.0	72.3
13.10.	2479	2599	2433	2573	2500	2557		2406.7	2472.7	2414.7	2523.7	2501.4	2623.1		2521.0	2454.5	2523.7	2406.7	56.0	42.9	89.0	71.6
14.10.	2593	2494	2373	2663	2583	2758		2438.9	2485.6	2427.6	2561.7	2509.0	2638.0		2530.75	2478.4	2561.7	2427.6	63.0	46.9	90.0	73.1
15.10.	2619	2397	2474	2655	2555	2733		2464.0	2495.7	2447.0	2577.3	2516.3	2635.0		2536.25	2496.0	2577.3	2447.0	81.0	52.4	101.0	77.6
16.10.	2471	2469	2411	2577	2591	2667		2489.6	2502.1	2449.4	2574.3	2510.0	2659.1		2482.0	2503.9	2574.3	2449.4	90.0	59.0	56.0	78.9
17.10.	2531	2446	2443	2370	2564	2721		2507.9	2483.7	2444.9	2553.4	2512.3	2691.0		2447.5	2497.5	2553.4	2444.9	60.0	62.0	43.0	79.7
18.10.	2604	2450	2362	2556	2471	2843		2534.9	2481.6	2421.6	2564.7	2536.3	2713.1		2493.0	2500.7	2564.7	2421.6	54.0	66.1	135.0	87.7
19.10.	2561	2494	2383	2547	2613	2903		2551.1	2478.4	2411.3	2563.0	2553.9	2740.3		2496.25	2501.0	2563.0	2411.3	87.0	70.1	179.0	99.0
20.10.	2501	2523	2254	2345	2578	2898		2554.3	2467.6	2385.7	2530.4	2565.0	2789.0		2405.75	2484.5	2554.3	2385.7	129.0	80.6	151.0	107.9
21.10.	2566	2439	2225	2527	2744	2879		2550.4	2459.7	2364.6	2511.0	2588.0	2806.3		2439.25	2471.4	2550.4	2364.6	144.0	92.1	184.0	121.3
22.10.	2406	2318	2264	2461	2720	2812		2520.0	2448.4	2334.6	2483.3	2611.6	2817.6		2362.25	2446.6	2520.0	2334.6	207.0	110.1	168.0	130.9
23.10.	2430	2345	2410	2454	2701	2690		2514.1	2430.7	2334.4	2465.7	2627.3	2820.9		2409.75	2436.2	2514.1	2334.4	199.0	125.7	135.0	142.1
24.10.	2588	2480	2415	2547	2576	2653		2522.3	2435.6	2330.4	2491.0	2629.0	2811.1		2507.5	2444.8	2522.3	2330.4	123.0	134.7	55.0	143.9
25.10.	2475	2489	2397	2562	2656	2770		2503.9	2441.1	2335.4	2491.9	2655.4	2800.7		2480.75	2443.1	2503.9	2335.4	126.0	145.0	157.0	147.0
26.10.	2556	2471	2481	2404	2599	2831		2503.1	2437.9	2349.4	2471.4	2653.4	2790.4		2478.0	2440.5	2503.1	2349.4	241.0	167.0	202.0	150.3
27.10.	2446	2434	2218	2372	2483	2826		2495.3	2425.1	2344.3	2475.3	2639.9	2780.1		2367.5	2435.0	2495.3	2344.3	237.0	182.4	213.0	159.1
28.10.	2596	2417	2423	2427	2631	2946		2499.6	2422.0	2372.6	2461.0	2623.7	2789.7		2465.75	2438.8	2499.6	2372.6	249.0	197.4	223.0	164.7
29.10.	2476	2423	2397	2384	2604	2935		2509.6	2437.0	2391.6	2450.0	2607.1	2807.3		2420.0	2447.0	2509.6	2391.6	269.0	206.3	194.0	168.4
30.10.	2449	2315	2459	2470	2807	2837		2512.3	2432.7	2398.6	2452.3	2622.3	2828.3		2423.25	2449.0	2512.3	2398.6	259.0	214.9	141.0	169.3
31.10.	2507	2319	2408	2554	2776	2982		2500.7	2409.7	2397.6	2453.3	2650.9	2875.3		2447.0	2440.3	2500.7	2397.6	195.0	225.1	106.0	176.6
01.11.	2523	2350	2398	2508	2684	2883		2507.6	2389.9	2397.7	2445.6	2654.9	2891.4		2444.75	2435.2	2507.6	2389.9	170.0	231.4	151.0	175.7
02.11.	2553	2388	2452	2607	2859	2927		2507.1	2378.0	2393.6	2474.6	2692.0	2905.1		2500.0	2438.3	2507.1	2378.0	277.0	236.6	290.0	188.3
03.11.	2462	2533	2430	2538	2740	2931		2509.4	2392.1	2423.9	2498.3	2728.7	2920.1		2490.75	2455.9	2509.4	2392.1	329.0	249.7	309.0	202.0
04.11.	2545	2467	2351	2668	2721	2891		2502.1	2399.3	2413.6	2532.7	2741.6	2912.3		2507.75	2461.9	2532.7	2399.3	315.0	259.1	299.0	212.9
05.11.	2581	2390	2569	2597	2684	2862		2517.1	2394.6	2438.1	2563.1	2753.0	2901.9		2534.25	2478.2	2563.1	2394.6	339.0	269.1	268.0	223.4
06.11.	2409	2434	2544	2598	2696	2877		2511.4	2411.6	2450.3	2581.4	2737.1	2907.6		2496.25	2488.7	2581.4	2411.6	254.0	268.4	164.0	226.7
07.11.	2525	2461	2459	2547	2708	2790		2514.0	2431.9	2457.6	2580.4	2727.4	2880.1		2498.0	2496.0	2580.4	2431.9	218.0	271.7	126.0	229.6
08.11.	2522	2425	2593	2561	2599	3034		2513.9	2442.6	2485.4	2588.0	2715.3	2901.7		2525.25	2507.5	2588.0	2442.6	163.0	270.7	281.0	248.1
09.11.	2520	2479	2532	2507	2775	3032		2509.1	2455.6	2496.9	2573.7	2703.3	2916.7		2509.5	2508.8	2573.7	2455.6	320.0	276.9	387.0	262.0
10.11.	2593	2567	2423	2381	2795	2954		2527.9	2460.4	2495.9	2551.3	2711.1	2920.0		2491.0	2508.9	2551.3	2460.4	344.0	279.0	352.0	268.1
11.11.	2553	2525	2484	2674	2769	2941		2529.0	2468.7	2514.9	2552.1	2718.0	2927.1		2559.0	2516.2	2552.1	2468.7	420.0	294.0	387.0	280.7
12.11.	2543	2480	2457	2616	2846	2974		2523.6	2481.6	2498.9	2554.9	2741.1	2943.1		2524.0	2514.7	2554.9	2481.6	430.0	307.0	330.0	289.6
13.11.	2526	2488	2476	2616	2834	3043		2540.3	2489.3	2489.1	2557.4	2760.9	2966.9		2526.5	2519.0	2557.4	2489.1	417.0	330.3	255.0	302.6
14.11.	2588	2578	2351	2585	2897	2892		2549.3	2506.0	2473.7	2562.9	2787.9	2981.4		2525.5	2523.0	2562.9	2473.7	371.0	352.1	170.0	308.9
15.11.	2598	2561	2355	2629	2811	3169		2560.1	2525.4	2439.7	2572.6	2818.1	3000.7		2535.75	2524.5	2572.6	2439.7	224.0	360.9	322.0	314.7
16.11.	2770	2528	2487	2556	2864	3108		2595.9	2532.4	2433.3	2579.6	2830.9	3011.6		2585.25	2535.3	2595.9	2433.3	449.0	379.3	445.0	323.0
17.11.	2613	2496	2335	2566	2981	3122		2598.7	2522.3	2420.7	2606.0	2857.4	3035.6		2502.5	2536.9	2606.0	2420.7	510.0	403.0	440.0	335.6
18.11.	2677	2493	2381	2620	2833	3155		2616.4	2517.7	2406.0	2598.3	2866.6	3066.1		2542.75	2534.6	2616.4	2406.0	533.0	419.1	469.0	347.3
19.11.	2711	2450	2509	2636	2794	3311		2640.4	2513.4	2413.4	2601.1	2859.1	3114.3		2576.5	2542.1	2640.4	2413.4	564.0	438.3	436.0	362.4
20.11.	2634	2501	2575	2654	2910	3172		2655.9	2515.3	2427.6	2606.6	2870.0	3132.7		2591.0	2551.3	2655.9	2427.6	532.0	454.7	234.0	359.4
21.11.	2541	2543	2535	2688	2863	3046		2649.1	2510.3	2453.9	2621.3	2865.1	3154.7		2576.75	2558.6	2649.1	2453.9	343.0	450.7	201.0	363.9
22.11.	2577	2708	2711	2694	2937	3225		2646.1	2531.3	2504.7	2630.6	2883.1	3162.7		2672.5	2578.2	2646.1	2504.7	283.0	459.1	441.0	380.9
23.11.	2577	2635	2572	2663	3086	3110		2618.6	2546.6	2516.9	2645.9	2914.9	3163.0		2611.75	2582.0	2645.9	2516.9	473.0	462.6	525.0	392.3
24.11.	2581	2533	2527	2580	3077	3340		2614.0	2551.9	2544.3	2647.9	2928.6	3194.1		2555.25	2589.5	2647.9	2544.3	509.0	462.4	485.0	398.7
25.11.	2618	2454	2356	2707	3050	3375		2605.6	2546.3	2540.7	2660.3	2959.6	3225.6		2533.75	2588.2	2660.3	2540.7	589.0	470.4	447.0	395.6
26.11.	2568	2302	2534	2711	3032	3489		2585.1	2525.1	2544.3	2671.0	2993.6	3251.0		2528.75	2581.4	2671.0	2525.1	656.0	483.6	446.0	397.0
27.11.	2449	2456	2517	2727	3051	3228		2558.7	2518.7	2536.0	2681.4	3013.7	3259.0		2537.25	2573.7	2681.4	2518.7	626.0	497.0	339.0	412.0
28.11.	2521	2633	2518	2676	3037	3237		2555.9	2531.6	2533.6	2679.7	3038.6	3286.3		2587.0	2575.2	2679.7	2531.6	402.0	505.4	177.0	408.6
29.11.	2551	2550	2690	2739	2971	3380		2552.1	2509.0	2530.6	2686.1	3043.4	3308.4		2632.5	2569.5	2686.1	2509.0	327.0	511.7	401.0	402.9
30.11.	2621	2579	2641	2529	3085	3342		2558.4	2501.0	2540.4	2667.0	3043.3	3341.6		2592.5	2566.7	2667.0	2501.0	537.0	520.9	458.0	393.3
01.12.	2658	2589	2583	2492	3237	3444		2569.4	2509.0	2548.4	2654.4	3066.1	3356.4		2580.5	2570.3	2654.4	2509.0	656.0	541.9	451.0	388.4
02.12.	2754	2525	2608	2734	3166	3525		2588.9	2519.1	2584.4	2658.3	3082.7	3377.9		2655.25	2587.7	2658.3	2519.1	734.0	562.6	440.0	387.4
03.12.	2532	2545	2718	2692	3292	3511		2583.7	2553.9	2610.7	2655.6	3119.9	3381.0		2621.75	2601.0	2655.6	2553.9	850.0	590.3	387.0	379.0
04.12.	2509	2613	2594	2694	3363	3404		2592.3	2576.3	2621.7	2650.9	3164.4	3406.1		2602.5	2610.3	2650.9	2576.3	811.0	616.7	295.0	372.7
05.12.	2658	2557	2558	2708	3323	3285		2611.9	2565.4	2627.4	2655.4	3205.3	3413.0		2620.25	2615.0	2655.4	2565.4	513.0	632.6	193.0	375.0
06.12.	2662	2601	2605	2831	3138	3379		2627.7	2572.7	2615.3	2668.6	3229.1	3412.9		2674.75	2621.1	2668.6	2572.7	359.0	637.1	367.0	370.1
07.12.	2678	2677	2761	2699	3391	3426		2635.9	2586.7	2632.4	2692.9	3272.9	3424.9		2703.75	2637.0	2692.9	2586.7	693.0	659.4	410.0	363.3
08.12.	2706	2614	2511	2785	3377	3459		2642.7	2590.3	2622.1	2734.7	3292.9	3427.0		2654.0	2647.5	2734.7	2590.3	862.0	688.9	396.0	355.4
09.12.	2727	2647	2595	2768	3392	3477		2638.9	2607.7	2620.3	2739.6	3325.1	3420.1		2684.25	2651.6	2739.6	2607.7	848.0	705.1	347.0	342.1
10.12.	2699	2586	2522	2617	3400	3532		2662.7	2613.6	2592.3	2728.9	3340.6	3423.1		2606.0	2649.4	2728.9	2592.3	1078.0	737.7	350.0	336.9
11.12.	2663	2724	2622	2704	3571	3235		2684.7	2629.4	2596.3	2730.3	3370.3	3399.0		2678.25	2660.2	2730.3	2596.3	976.0	761.3	256.0	331.3
12.12.	2704	2692	2611	2812	3429	3164		2691.3	2648.7	2603.9	2745.1	3385.4	3381.7		2704.75	2672.2	2745.1	2603.9	766.0	797.4	124.0	321.4
13.12.	2718	2659	2587	2790	3443	3229		2699.3	2657.0	2601.3	2739.3	3429.0	3360.3		2688.5	2674.2	2739.3	2601.3	516.0	819.9	260.0	306.1
14.12.	2700	2705	2599	2772	3523	3287		2702.4	2661.0	2578.1	2749.7	3447.9	3340.4		2694.0	2672.8	2749.7	2578.1	826.0	838.9	352.0	297.9
15.12.	2784	2677	2508	2638	3498	3288		2713.6	2670.0	2577.7	2728.7	3465.1	3316.0		2651.75	2672.5	2728.7	2577.7	1014.0	860.6	317.0	286.6
16.12.	2662	2640	2494	2568	3565	3311		2704.3	2669.0	2563.3	2700.1	3489.9	3292.3		2591.0	2659.2	2704.3	2563.3	1067.0	891.9	277.0	276.6
17.12.	2629	2407	2678	2848	3602	3247		2694.3	2643.4	2585.6	2733.1	3518.7	3251.6		2640.5	2664.1	2733.1	2585.6	1164.0	904.1	261.0	263.9
18.12.	2688	2609	2610	2722	3594	3108		2697.9	2627.0	2583.9	2735.7	3522.0	3233.4		2657.25	2661.1	2735.7	2583.9	1045.0	914.0	168.0	251.3
19.12.	2748	2635	2744	2776	3520	3126		2704.1	2618.9	2602.9	2730.6	3535.0	3228.0		2725.75	2664.1	2730.6	2602.9	771.0	914.7	87.0	246.0
20.12.	2788	2626	2777	2801	3422	3106		2714.1	2614.1	2630.0	2732.1	3532.0	3210.4		2748.0	2672.6	2732.1	2614.1	543.0	918.6	194.0	236.6
21.12.	2716	2705	2836	2723	3681	3115		2716.4	2614.1	2663.9	2725.1	3554.6	3185.9		2745.0	2679.9	2725.1	2614.1	922.0	932.3	248.0	221.7
22.12.	2765	2771	2791	2624	3769	3107		2713.7	2627.6	2704.3	2723.1	3593.3	3160.0		2737.75	2692.2	2723.1	2627.6	1198.0	958.6	208.0	206.1
23.12.	2729	2584	2554	2780	3830	3314		2723.3	2619.6	2712.9	2753.4	3631.1	3160.4		2661.75	2702.3	2753.4	2619.6	1250.0	984.7	182.0	192.6
24.12.	2918	2570	2623	2605	3588	3194		2764.6	2642.9	2705.0	2718.7	3629.1	3152.9		2679.0	2707.8	2764.6	2642.9	711.0	920.0	102.0	169.9
25.12.	2712	2531	2448	2585	3559	3302		2768.0	2631.7	2681.9	2699.1	3624.1	3180.6		2569.0	2695.2	2768.0	2631.7	508.0	843.3	67.0	155.4
26.12.	2781	2611	2537	2556	3488	3041		2772.7	2628.3	2652.3	2667.7	3619.6	3168.4		2621.25	2680.2	2772.7	2628.3	577.0	815.6	71.0	153.1
27.12.	2839	2821	2616	2653	3639	3239		2780.0	2656.1	2629.3	2646.6	3650.6	3187.4		2732.25	2678.0	2780.0	2629.3	527.0	813.3	138.0	145.1
28.12.	2831	2649	2704	2502	3879	3230		2796.4	2648.1	2610.4	2615.0	3678.9	3203.9		2671.5	2667.5	2796.4	2610.4	890.0	808.7	172.0	134.3
29.12.	2751	2570	2573	2523	3747	3167		2794.4	2619.4	2579.3	2600.6	3675.7	3212.4		2604.25	2648.4	2794.4	2579.3	1246.0	815.6	149.0	125.9
30.12.	2834	2712	2453	2620	3791	3157		2809.4	2637.7	2564.9	2577.7	3670.1	3190.0		2654.75	2647.4	2809.4	2564.9	1283.0	820.3	134.0	119.0
31.12.	2796	2758	2579	2707	3575	3152		2792.0	2664.6	2558.6	2592.3	3668.3	3184.0		2710.0	2651.9	2792.0	2558.6	776.0	829.6	72.0	114.7
