Date	sequences_total	Delta (B.1.617.2-like)	Omicron (BA.1-like)	Alpha (B.1.1.7-like)	Omicron (BA.2-like)	Delta (AY.4-like)	Delta (AY.4.2-like)	Beta (B.1.351-like)	B.1.1.318-like	Omicron (Unassigned)	Gamma (P.1-like)
2021-01-26	5.0	0.0	0.0	3.0	0.0	0.0	0.0	1.0	0.0	0.0	0.0
2021-01-28	3.0	0.0	0.0	1.5	0.0	0.0	0.0	1.0	0.0	0.0	0.0
2021-01-29	15.0	0.0	0.0	12.0	0.0	0.0	0.0	2.7	0.0	0.0	0.0
2021-01-31	13.2	0.0	0.0	10.8	0.0	0.0	0.0	2.0	0.0	0.0	0.0
2021-02-01	15.6	0.0	0.0	13.0	0.0	0.0	0.0	2.0	0.2	0.0	0.0
2021-02-03	17.2	0.0	0.0	14.3	0.0	0.0	0.0	2.3	0.2	0.0	0.0
2021-02-04	18.9	0.0	0.0	16.4	0.0	0.0	0.0	2.0	0.1	0.0	0.0
2021-02-05	30.6	0.0	0.0	28.0	0.0	0.0	0.0	2.3	0.1	0.0	0.0
2021-02-06	34.7	0.0	0.0	31.7	0.0	0.0	0.0	2.6	0.1	0.0	0.0
2021-02-08	39.4	0.0	0.0	35.4	0.0	0.0	0.0	3.3	0.3	0.0	0.0
2021-02-09	48.9	0.0	0.0	43.0	0.0	0.0	0.0	5.3	0.3	0.0	0.0
2021-02-10	47.1	0.0	0.0	41.6	0.0	0.0	0.0	5.1	0.1	0.0	0.0
2021-02-11	66.1	0.0	0.0	57.0	0.0	0.0	0.0	8.1	0.1	0.0	0.0
2021-02-12	84.0	0.0	0.0	74.6	0.0	0.0	0.0	8.3	0.1	0.0	0.0
2021-02-13	73.4	0.0	0.0	64.4	0.0	0.0	0.0	7.9	0.1	0.0	0.0
2021-02-14	71.1	0.0	0.0	62.7	0.0	0.0	0.0	7.4	0.1	0.0	0.0
2021-02-15	110.3	0.0	0.0	99.1	0.0	0.0	0.0	8.9	0.3	0.0	0.0
2021-02-16	107.6	0.0	0.0	97.1	0.0	0.0	0.0	7.9	0.3	0.0	0.0
2021-02-17	115.1	0.0	0.0	104.6	0.0	0.0	0.0	7.7	0.3	0.0	0.0
2021-02-18	108.1	0.0	0.0	99.9	0.0	0.0	0.0	5.1	0.3	0.0	0.3
2021-02-19	91.0	0.0	0.0	83.0	0.0	0.0	0.0	5.0	0.3	0.0	0.3
2021-02-20	96.7	0.0	0.0	86.1	0.0	0.0	0.0	7.6	0.3	0.0	0.3
2021-02-22	176.4	0.0	0.0	160.0	0.0	0.0	0.0	11.3	0.3	0.0	0.4
2021-02-23	291.4	0.0	0.0	272.6	0.0	0.0	0.0	14.3	0.1	0.0	1.0
2021-02-24	311.9	0.0	0.0	292.4	0.0	0.0	0.0	15.1	0.1	0.0	1.0
2021-02-25	381.9	0.0	0.0	359.6	0.0	0.0	0.0	17.4	0.1	0.0	1.0
2021-02-26	430.7	0.0	0.0	405.1	0.0	0.0	0.0	20.0	0.3	0.0	1.0
2021-02-27	463.4	0.0	0.0	436.6	0.0	0.0	0.0	21.1	0.4	0.0	1.0
2021-02-28	494.9	0.0	0.0	469.6	0.0	0.0	0.0	19.1	0.4	0.0	1.1
2021-03-01	541.4	0.0	0.0	516.7	0.0	0.0	0.0	18.4	0.4	0.0	1.6
2021-03-02	440.9	0.0	0.0	419.1	0.0	0.0	0.0	15.9	0.3	0.0	1.3
2021-03-03	471.1	0.0	0.0	449.6	0.0	0.0	0.0	14.1	0.3	0.0	1.3
2021-03-04	438.4	0.0	0.0	416.6	0.0	0.0	0.0	13.6	0.3	0.0	1.3
2021-03-05	507.0	0.0	0.0	486.4	0.0	0.0	0.0	12.1	0.4	0.0	1.1
2021-03-06	529.9	0.0	0.0	506.9	0.0	0.0	0.0	14.7	0.3	0.0	1.1
2021-03-07	571.4	0.0	0.0	543.6	0.0	0.0	0.0	16.9	0.7	0.0	2.0
2021-03-08	582.9	0.0	0.0	556.7	0.0	0.0	0.0	16.3	1.1	0.0	1.6
2021-03-09	547.3	0.0	0.0	523.6	0.0	0.0	0.0	14.4	1.1	0.0	1.3
2021-03-10	573.3	0.0	0.0	549.1	0.0	0.0	0.0	15.9	1.3	0.0	1.3
2021-03-11	628.0	0.0	0.0	598.9	0.0	0.0	0.0	20.3	2.0	0.0	2.1
2021-03-12	643.9	0.0	0.0	610.1	0.0	0.0	0.0	23.6	1.9	0.0	2.6
2021-03-13	604.6	0.0	0.0	574.6	0.0	0.0	0.0	19.9	1.9	0.0	2.6
2021-03-14	621.1	0.0	0.0	591.6	0.0	0.0	0.0	20.1	2.3	0.0	1.7
2021-03-15	588.6	0.0	0.0	554.9	0.0	0.0	0.0	21.4	3.0	0.0	1.6
2021-03-16	640.3	0.0	0.0	602.0	0.0	0.0	0.0	24.4	3.4	0.0	1.6
2021-03-17	668.6	0.0	0.0	623.4	0.0	0.0	0.0	27.9	3.9	0.0	2.1
2021-03-18	678.3	0.0	0.0	628.0	0.0	0.0	0.0	32.7	3.1	0.0	3.3
2021-03-19	763.0	0.0	0.0	712.4	0.0	0.0	0.0	33.4	3.0	0.0	3.4
2021-03-20	785.3	0.0	0.0	734.1	0.0	0.0	0.0	33.7	3.1	0.0	3.4
2021-03-21	795.1	0.0	0.0	746.4	0.0	0.0	0.0	32.7	2.4	0.0	3.6
2021-03-22	859.0	0.0	0.0	809.4	0.0	0.0	0.0	33.9	2.6	0.0	3.7
2021-03-23	963.6	0.0	0.0	915.3	0.0	0.0	0.0	32.9	2.4	0.0	3.7
2021-03-24	1018.0	0.0	0.0	967.3	0.0	0.0	0.0	38.1	2.1	0.0	3.9
2021-03-25	1075.7	0.0	0.0	1028.0	0.0	0.0	0.0	32.6	2.9	0.0	2.3
2021-03-26	1094.7	0.0	0.0	1049.6	0.0	0.0	0.0	30.6	3.4	0.0	1.7
2021-03-27	1110.7	0.0	0.0	1063.4	0.0	0.0	0.0	32.9	3.3	0.0	1.9
2021-03-28	1097.6	0.0	0.0	1049.0	0.0	0.0	0.0	33.9	3.4	0.0	1.6
2021-03-29	1189.6	0.0	0.0	1134.9	0.0	0.0	0.0	37.1	4.3	0.0	2.1
2021-03-30	1162.4	0.0	0.0	1108.1	0.0	0.0	0.0	35.4	4.9	0.0	2.4
2021-03-31	1112.4	0.0	0.0	1063.6	0.0	0.0	0.0	29.3	5.3	0.0	1.9
2021-04-01	1204.9	0.0	0.0	1155.6	0.0	0.0	0.0	27.7	7.1	0.0	1.6
2021-04-02	1094.9	0.1	0.0	1043.6	0.0	0.0	0.0	28.4	6.6	0.0	2.1
2021-04-03	1130.4	0.1	0.0	1076.6	0.0	0.0	0.0	27.4	7.7	0.0	2.0
2021-04-04	1125.1	0.1	0.0	1072.3	0.0	0.0	0.0	26.4	7.9	0.0	2.0
2021-04-05	950.1	0.1	0.0	909.7	0.0	0.0	0.0	19.6	6.3	0.0	1.3
2021-04-06	945.0	0.1	0.0	902.7	0.0	0.0	0.0	20.9	6.0	0.0	1.0
2021-04-07	990.3	0.1	0.0	936.9	0.0	0.0	0.0	26.4	8.0	0.0	2.3
2021-04-08	876.9	0.1	0.0	821.0	0.0	0.0	0.0	28.9	7.6	0.0	2.4
2021-04-09	1020.9	0.0	0.0	959.3	0.0	0.0	0.0	32.1	10.0	0.0	2.4
2021-04-10	1124.9	0.0	0.0	1060.3	0.0	0.0	0.0	36.4	9.4	0.0	2.6
2021-04-11	1128.9	0.0	0.0	1064.0	0.0	0.0	0.0	36.4	9.7	0.0	2.6
2021-04-12	1338.6	0.0	0.0	1261.1	0.0	0.0	0.0	43.0	10.6	0.0	3.7
2021-04-13	1321.3	0.0	0.0	1245.1	0.0	0.0	0.0	42.7	10.9	0.0	3.7
2021-04-14	1343.1	0.1	0.0	1274.1	0.0	0.0	0.0	37.6	9.7	0.0	3.3
2021-04-15	1491.0	0.1	0.0	1427.9	0.0	0.0	0.0	36.4	8.4	0.0	3.3
2021-04-16	1699.9	0.1	0.0	1627.0	0.0	0.0	0.0	38.4	11.1	0.0	4.9
2021-04-17	1617.4	0.1	0.0	1551.3	0.0	0.0	0.0	34.1	10.6	0.0	4.7
2021-04-18	1727.1	0.1	0.0	1655.4	0.0	0.0	0.0	37.6	12.3	0.0	5.6
2021-04-19	1751.1	0.3	0.0	1680.4	0.0	0.0	0.0	36.6	11.7	0.0	5.3
2021-04-20	1943.1	0.3	0.0	1863.1	0.0	0.0	0.0	40.7	13.6	0.0	6.6
2021-04-21	1997.4	0.4	0.0	1916.0	0.0	0.0	0.0	41.1	14.3	0.0	7.3
2021-04-22	2109.9	0.4	0.0	2009.9	0.0	0.0	0.0	48.1	18.7	0.0	8.3
2021-04-23	2001.3	0.7	0.0	1914.7	0.0	0.0	0.0	42.7	16.1	0.0	6.3
2021-04-24	2016.4	0.7	0.0	1926.0	0.0	0.0	0.0	43.7	18.0	0.0	6.6
2021-04-25	1930.3	0.7	0.0	1848.0	0.0	0.0	0.0	38.7	15.6	0.0	5.7
2021-04-26	2049.7	1.3	0.0	1959.4	0.0	0.0	0.0	42.1	19.6	0.0	5.7
2021-04-27	2172.6	1.9	0.0	2077.0	0.0	0.0	0.0	42.6	22.7	0.0	5.6
2021-04-28	2280.7	2.1	0.0	2178.4	0.0	0.0	0.0	44.9	24.4	0.0	5.6
2021-04-29	2057.1	2.4	0.0	1973.0	0.0	0.0	0.0	36.3	20.9	0.0	4.7
2021-04-30	2081.6	3.7	0.0	1986.7	0.0	0.0	0.0	40.1	21.7	0.0	8.1
2021-05-01	2064.4	4.1	0.0	1972.4	0.0	0.0	0.0	38.0	21.0	0.0	8.0
2021-05-02	2111.3	4.1	0.0	2018.0	0.0	0.0	0.0	37.9	22.0	0.0	8.6
2021-05-03	2223.6	5.0	0.0	2122.6	0.0	0.0	0.0	36.1	28.0	0.0	9.9
2021-05-04	2075.0	6.7	0.0	1970.1	0.0	0.0	0.0	36.6	28.9	0.0	11.1
2021-05-05	1997.1	8.4	0.0	1896.3	0.0	0.0	0.0	33.7	27.6	0.0	12.1
2021-05-06	2258.0	10.1	0.0	2153.9	0.0	0.0	0.0	35.6	28.1	0.0	12.3
2021-05-07	2295.6	10.0	0.0	2190.1	0.0	0.0	0.0	33.4	29.6	0.0	13.4
2021-05-08	2207.7	9.6	0.0	2103.7	0.0	0.0	0.0	33.4	28.6	0.0	13.3
2021-05-09	2243.4	10.3	0.0	2130.6	0.0	0.0	0.0	36.1	29.3	0.0	16.6
2021-05-10	2046.7	14.0	0.0	1927.0	0.0	0.0	0.0	38.7	24.3	0.0	17.3
2021-05-11	2020.4	13.6	0.0	1911.4	0.0	0.0	0.0	36.3	19.3	0.0	16.3
2021-05-12	2149.6	14.1	0.0	2036.3	0.0	0.0	0.0	36.3	22.6	0.0	15.7
2021-05-13	1869.1	12.3	0.0	1764.1	0.0	0.0	0.0	33.1	20.6	0.0	15.1
2021-05-14	1661.3	14.1	0.0	1558.0	0.0	0.0	0.0	29.9	20.0	0.0	12.7
2021-05-15	1827.1	14.6	0.0	1718.1	0.0	0.0	0.0	31.6	21.3	0.0	14.1
2021-05-16	1678.0	13.9	0.0	1578.9	0.0	0.0	0.0	29.7	19.6	0.0	10.3
2021-05-17	1780.0	15.4	0.0	1686.1	0.0	0.0	0.0	26.1	19.3	0.0	11.9
2021-05-18	1621.9	15.3	0.0	1530.3	0.0	0.0	0.0	23.9	21.3	0.0	11.0
2021-05-19	1490.7	15.7	0.0	1406.7	0.0	0.0	0.0	22.0	18.1	0.0	9.6
2021-05-20	1490.3	17.9	0.0	1397.6	0.0	0.0	0.0	22.7	21.0	0.0	10.1
2021-05-21	1574.4	20.1	0.0	1474.4	0.0	0.0	0.0	24.0	21.3	0.0	15.9
2021-05-22	1485.7	20.9	0.0	1388.4	0.0	0.0	0.0	23.4	20.7	0.0	14.6
2021-05-23	1653.7	24.0	0.0	1540.0	0.0	0.0	0.0	26.1	23.4	0.0	20.4
2021-05-24	1206.9	17.4	0.0	1121.7	0.0	0.0	0.0	18.9	19.3	0.0	16.6
2021-05-25	1341.0	23.7	0.0	1243.9	0.0	0.0	0.0	19.6	19.3	0.0	17.9
2021-05-26	1320.4	25.1	0.0	1207.1	0.0	0.0	0.0	25.0	23.3	0.0	19.3
2021-05-27	1445.6	28.1	0.0	1326.3	0.0	0.0	0.0	25.7	23.1	0.0	22.3
2021-05-28	1312.9	27.0	0.0	1205.4	0.0	0.0	0.0	23.1	21.6	0.0	15.7
2021-05-29	1339.1	28.0	0.0	1229.7	0.0	0.0	0.0	21.9	22.0	0.0	17.0
2021-05-31	1484.1	35.4	0.0	1366.1	0.0	0.0	0.0	21.9	22.7	0.0	14.4
2021-06-01	1618.1	40.1	0.0	1484.9	0.0	0.0	0.0	23.6	26.4	0.0	16.6
2021-06-02	1611.3	38.1	0.0	1485.1	0.0	0.0	0.0	21.1	24.7	0.0	16.4
2021-06-03	1435.7	38.9	0.0	1327.4	0.0	0.0	0.0	13.6	18.6	0.0	15.3
2021-06-04	1613.6	47.3	0.0	1498.4	0.0	0.0	0.0	12.7	17.7	0.0	14.0
2021-06-05	1462.1	43.1	0.0	1359.6	0.0	0.0	0.0	11.4	15.1	0.0	12.9
2021-06-07	1446.9	51.7	0.0	1329.6	0.0	0.0	0.0	12.1	16.0	0.0	14.7
2021-06-08	1196.1	46.0	0.0	1094.7	0.0	0.0	0.0	9.3	13.3	0.0	12.9
2021-06-09	1160.6	47.1	0.0	1062.6	0.0	0.0	0.0	10.7	9.3	0.0	10.9
2021-06-10	1050.3	46.1	0.0	954.3	0.0	0.0	0.0	10.9	7.6	0.0	10.7
2021-06-11	1155.7	54.3	0.0	1041.0	0.0	0.0	0.0	11.1	10.4	0.0	12.4
2021-06-12	731.1	44.9	0.0	632.9	0.0	0.0	0.0	8.3	8.9	0.0	11.6
2021-06-13	728.4	48.1	0.0	626.6	0.0	0.0	0.0	8.3	8.6	0.0	11.4
2021-06-14	752.9	52.7	0.0	651.1	0.0	0.0	0.0	9.0	8.0	0.0	8.7
2021-06-15	701.4	57.0	0.0	587.7	0.0	0.0	0.0	8.9	10.4	0.0	11.7
2021-06-16	701.1	58.1	0.0	588.0	0.0	0.0	0.0	6.6	9.4	0.0	12.6
2021-06-17	706.4	63.1	0.0	588.0	0.0	0.1	0.0	5.7	10.0	0.0	12.6
2021-06-18	649.9	74.1	0.0	520.4	0.0	0.1	0.0	6.3	10.4	0.0	12.9
2021-06-19	618.6	71.4	0.0	494.9	0.0	0.1	0.0	6.3	9.9	0.0	11.6
2021-06-20	580.6	67.9	0.0	463.7	0.0	0.1	0.0	5.7	9.7	0.0	11.3
2021-06-21	543.7	66.4	0.0	426.4	0.0	0.9	0.0	4.4	9.1	0.0	12.4
2021-06-22	521.3	63.1	0.0	415.3	0.0	0.9	0.0	4.0	6.7	0.0	11.9
2021-06-23	493.4	69.3	0.0	382.7	0.0	0.9	0.0	3.0	6.9	0.0	12.9
2021-06-24	401.6	64.3	0.0	301.1	0.0	0.7	0.0	2.9	6.1	0.0	12.0
2021-06-25	495.9	92.6	0.0	368.9	0.0	0.7	0.0	2.9	3.0	0.0	12.6
2021-06-27	486.3	91.6	0.0	361.1	0.0	0.7	0.0	2.9	3.0	0.0	12.4
2021-06-28	564.4	125.7	0.0	398.6	0.0	1.4	0.0	3.4	3.9	0.0	14.0
2021-06-29	492.3	121.6	0.0	335.3	0.0	0.9	0.0	3.0	2.9	0.0	13.1
2021-06-30	491.7	133.4	0.0	324.3	0.0	1.3	0.0	2.9	2.6	0.0	10.6
2021-07-01	418.0	125.0	0.0	263.4	0.0	1.4	0.0	3.0	2.3	0.0	8.0
2021-07-02	430.1	152.6	0.0	246.0	0.0	2.0	0.0	2.4	2.3	0.0	10.0
2021-07-03	239.4	111.7	0.0	106.9	0.0	2.7	0.0	1.3	1.6	0.0	6.4
2021-07-05	313.6	143.9	0.0	142.9	0.0	3.7	0.0	2.9	2.0	0.0	7.4
2021-07-06	306.6	121.0	0.0	159.1	0.0	3.1	0.0	3.0	2.9	0.0	9.0
2021-07-07	325.0	141.0	0.0	155.6	0.0	3.6	0.0	3.1	3.4	0.0	9.4
2021-07-08	299.6	131.6	0.0	141.9	0.0	3.4	0.0	3.0	3.3	0.0	8.9
2021-07-09	358.1	179.6	0.0	148.6	0.0	4.4	0.0	2.9	3.6	0.0	11.3
2021-07-11	323.6	165.9	0.0	131.9	0.0	4.1	0.0	2.9	3.6	0.0	9.0
2021-07-12	344.3	188.0	0.0	129.1	0.0	4.1	0.0	2.9	3.4	0.0	10.9
2021-07-13	304.6	182.7	0.0	99.7	0.0	3.7	0.1	1.3	3.0	0.0	10.0
2021-07-14	278.0	200.3	0.0	58.9	0.0	4.0	0.1	0.7	1.3	0.0	7.7
2021-07-15	244.4	181.4	0.0	47.0	0.0	4.0	0.1	0.7	0.7	0.0	7.1
2021-07-16	291.0	220.7	0.0	49.6	0.0	6.4	0.1	0.6	0.9	0.0	9.3
2021-07-17	253.0	190.9	0.0	44.0	0.0	6.6	0.1	0.7	0.6	0.0	7.0
2021-07-18	230.1	173.7	0.0	39.3	0.0	6.4	0.1	0.7	0.4	0.0	6.6
2021-07-19	218.6	166.4	0.0	36.3	0.0	6.7	0.1	0.6	0.4	0.0	5.6
2021-07-20	253.7	197.6	0.0	32.1	0.0	8.4	0.0	0.7	1.3	0.0	10.4
2021-07-21	247.6	201.6	0.0	23.1	0.0	8.6	0.0	0.7	1.4	0.0	10.3
2021-07-22	330.1	216.0	0.0	90.3	0.0	8.6	0.0	1.0	1.6	0.0	10.1
2021-07-23	340.6	229.3	0.0	88.7	0.0	9.1	0.0	1.0	2.1	0.0	8.0
2021-07-24	333.9	225.0	0.0	86.7	0.0	9.3	0.0	0.7	2.1	0.0	7.9
2021-07-25	374.4	260.1	0.0	88.9	0.0	11.4	0.0	0.7	2.4	0.0	8.6
2021-07-26	428.0	309.4	0.0	88.0	0.0	16.4	0.0	0.7	2.6	0.0	8.1
2021-07-27	448.3	328.1	0.0	91.0	0.0	20.0	0.0	0.9	2.1	0.0	4.3
2021-07-28	497.1	370.0	0.0	91.9	0.0	25.4	0.0	0.9	2.0	0.0	5.1
2021-07-29	476.9	407.7	0.0	31.9	0.0	28.3	0.0	0.4	2.0	0.0	5.4
2021-07-30	546.3	422.9	0.0	82.0	0.0	32.3	0.0	1.3	1.1	0.0	4.7
2021-07-31	565.1	441.6	0.0	80.9	0.0	33.7	0.0	1.3	1.1	0.0	4.7
2021-08-01	549.0	428.4	0.0	79.3	0.0	32.7	0.0	1.3	0.9	0.0	4.1
2021-08-02	603.1	480.0	0.0	79.4	0.0	35.9	0.0	1.3	0.7	0.0	3.9
2021-08-03	577.4	463.0	0.0	74.3	0.0	32.7	0.0	1.4	0.6	0.0	3.3
2021-08-04	574.9	464.3	0.0	71.0	0.0	32.9	0.3	1.4	1.0	0.0	2.0
2021-08-05	552.6	451.3	0.0	62.3	0.0	33.0	0.3	1.4	1.0	0.0	1.4
2021-08-06	521.4	473.4	0.0	11.1	0.0	32.0	0.3	0.6	0.9	0.0	1.6
2021-08-07	545.7	492.9	0.0	11.3	0.0	35.4	0.3	0.6	1.6	0.0	2.1
2021-08-08	587.3	531.1	0.0	11.1	0.0	39.4	0.3	0.6	1.6	0.0	2.0
2021-08-09	546.9	495.4	0.0	9.3	0.0	36.0	0.3	0.6	1.6	0.0	2.6
2021-08-10	549.1	495.4	0.0	7.7	0.0	41.1	0.3	0.1	1.4	0.0	2.0
2021-08-11	558.1	504.6	0.0	7.0	0.0	42.7	0.0	0.0	1.0	0.0	1.7
2021-08-12	621.3	561.0	0.0	8.9	0.0	46.7	0.1	0.1	1.1	0.0	2.0
2021-08-13	654.1	590.3	0.0	9.1	0.0	49.3	0.4	0.3	1.1	0.0	2.4
2021-08-14	679.3	613.4	0.0	8.9	0.0	52.7	0.4	0.3	0.4	0.0	2.0
2021-08-15	627.7	566.7	0.0	8.6	0.0	48.3	0.4	0.3	0.4	0.0	2.0
2021-08-16	693.7	625.9	0.0	9.0	0.0	54.7	0.6	0.3	0.4	0.0	1.6
2021-08-17	697.7	627.1	0.0	13.4	0.0	52.0	0.7	0.4	0.4	0.0	2.0
2021-08-18	638.4	574.0	0.0	12.6	0.0	46.9	0.7	0.4	0.4	0.0	2.0
2021-08-19	705.9	639.4	0.0	10.4	0.0	51.7	0.6	0.3	0.3	0.0	1.4
2021-08-20	930.9	842.3	0.0	9.6	0.0	75.1	0.4	0.1	0.4	0.0	1.3
2021-08-21	886.9	804.9	0.0	9.3	0.0	68.3	1.0	0.1	0.4	0.0	1.1
2021-08-22	895.7	813.3	0.0	9.4	0.0	68.6	1.0	0.1	0.4	0.0	1.1
2021-08-23	844.9	769.1	0.0	8.6	0.0	62.9	1.4	0.1	0.6	0.0	0.9
2021-08-24	950.4	870.6	0.0	4.4	0.0	72.1	1.4	0.0	0.4	0.0	0.4
2021-08-25	1119.9	1021.9	0.0	7.0	0.0	87.0	1.4	0.1	0.7	0.0	0.6
2021-08-26	1056.7	959.0	0.0	7.9	0.0	86.4	1.4	0.1	0.6	0.0	0.6
2021-08-27	1112.7	1012.4	0.0	7.9	0.0	89.3	1.6	0.1	0.6	0.0	0.1
2021-08-28	1282.1	1163.9	0.0	8.0	0.0	107.0	1.7	0.1	0.6	0.0	0.3
2021-08-29	1282.7	1163.0	0.0	8.3	0.0	107.9	1.9	0.1	0.6	0.0	0.3
2021-08-30	1285.3	1160.9	0.0	8.3	0.0	112.7	1.6	0.3	0.4	0.0	0.3
2021-08-31	1322.0	1190.9	0.0	9.4	0.0	118.4	1.4	0.3	0.4	0.0	0.3
2021-09-01	1294.6	1162.9	0.0	6.9	0.0	122.1	1.4	0.1	0.1	0.0	0.1
2021-09-02	1528.9	1373.6	0.0	5.9	0.0	146.9	1.4	0.1	0.1	0.0	0.1
2021-09-03	1475.3	1319.7	0.0	4.7	0.0	148.4	1.6	0.1	0.0	0.0	0.3
2021-09-05	1445.3	1294.4	0.0	5.4	0.0	143.4	1.0	0.1	0.0	0.0	0.1
2021-09-06	1640.0	1473.4	0.0	5.1	0.0	159.1	1.3	0.1	0.0	0.0	0.1
2021-09-07	1925.0	1721.9	0.0	5.0	0.0	196.0	1.1	0.0	0.0	0.0	0.1
2021-09-08	1843.6	1643.6	0.0	3.7	0.0	193.7	1.1	0.0	0.0	0.0	0.3
2021-09-09	1933.0	1728.7	0.0	3.9	0.0	197.7	1.3	0.1	0.0	0.0	0.3
2021-09-10	1948.0	1741.6	0.0	4.0	0.0	198.6	1.4	0.7	0.0	0.0	0.3
2021-09-11	1834.4	1633.7	0.0	4.1	0.0	192.4	1.3	1.1	0.0	0.0	0.1
2021-09-12	1752.6	1553.7	0.0	3.0	0.0	192.0	1.3	1.1	0.0	0.0	0.1
2021-09-13	1791.1	1581.1	0.0	4.1	0.0	201.4	1.6	1.3	0.0	0.0	0.1
2021-09-14	1649.9	1454.9	0.0	3.6	0.0	186.9	1.9	1.3	0.0	0.0	0.1
2021-09-15	1795.9	1587.1	0.0	3.3	0.0	200.7	2.3	1.3	0.0	0.0	0.1
2021-09-16	1741.7	1536.6	0.0	4.3	0.0	195.9	2.7	1.1	0.0	0.0	0.1
2021-09-17	1820.1	1605.1	0.0	4.1	0.0	206.1	3.4	0.6	0.0	0.0	0.1
2021-09-18	1567.0	1384.0	0.0	3.6	0.0	175.6	3.1	0.1	0.0	0.0	0.1
2021-09-19	1547.6	1369.6	0.0	4.4	0.0	169.3	3.4	0.3	0.0	0.0	0.1
2021-09-20	1701.0	1511.0	0.0	3.0	0.0	182.7	3.6	0.1	0.0	0.0	0.1
2021-09-21	1865.3	1657.3	0.0	3.4	0.0	199.3	4.0	0.1	0.0	0.0	0.1
2021-09-22	1958.4	1742.1	0.0	3.9	0.0	206.4	4.7	0.1	0.0	0.0	0.0
2021-09-23	1968.9	1747.9	0.0	2.6	0.0	212.4	4.7	0.1	0.0	0.0	0.0
2021-09-24	1957.9	1744.1	0.0	2.1	0.0	203.4	6.4	0.1	0.0	0.0	0.0
2021-09-25	2222.1	1977.1	0.0	2.1	0.0	233.4	7.7	0.1	0.0	0.0	0.0
2021-09-27	2360.3	2103.1	0.0	2.0	0.0	244.7	8.6	0.0	0.0	0.0	0.0
2021-09-28	2182.9	1938.7	0.0	1.9	0.0	231.7	8.6	0.0	0.0	0.0	0.0
2021-09-29	2143.7	1909.4	0.0	1.4	0.0	221.7	9.4	0.0	0.0	0.0	0.0
2021-09-30	2038.7	1819.1	0.0	1.0	0.0	207.0	9.6	0.0	0.0	0.0	0.0
2021-10-01	2299.4	2055.9	0.0	1.4	0.0	228.6	11.1	0.0	0.0	0.0	0.4
2021-10-02	1960.3	1747.9	0.0	1.3	0.0	199.1	10.0	0.0	0.0	0.0	0.4
2021-10-03	1788.1	1596.1	0.0	1.3	0.0	179.3	9.4	0.0	0.0	0.0	0.4
2021-10-04	1762.6	1572.9	0.0	0.7	0.0	177.4	9.9	0.0	0.0	0.0	0.4
2021-10-05	1653.7	1477.3	0.0	2.0	0.0	163.6	9.6	0.0	0.0	0.0	0.4
2021-10-06	1533.7	1367.7	0.0	2.0	0.0	153.7	9.4	0.0	0.0	0.0	0.4
2021-10-07	1487.6	1326.0	0.0	2.0	0.0	149.7	9.3	0.0	0.0	0.0	0.4
2021-10-08	1248.0	1110.7	0.0	1.6	0.0	126.4	9.1	0.0	0.0	0.0	0.0
2021-10-09	1297.0	1153.9	0.0	1.7	0.0	132.4	8.9	0.0	0.0	0.0	0.0
2021-10-10	1284.0	1140.9	0.0	1.7	0.0	132.9	8.4	0.0	0.0	0.0	0.0
2021-10-11	1340.9	1192.4	0.0	1.6	0.0	137.9	8.9	0.0	0.0	0.0	0.0
2021-10-12	1352.7	1198.4	0.0	2.4	0.0	141.3	9.9	0.1	0.1	0.0	0.0
2021-10-13	1386.7	1229.9	0.0	2.4	0.0	142.1	11.4	0.1	0.1	0.0	0.1
2021-10-14	1312.4	1159.3	0.0	9.9	0.0	131.1	10.7	0.1	0.1	0.0	0.3
2021-10-15	1359.9	1205.6	0.0	9.9	0.0	131.7	11.3	0.1	0.1	0.0	0.3
2021-10-17	1301.7	1148.7	0.0	9.7	0.0	129.4	12.4	0.1	0.1	0.0	0.3
2021-10-18	1583.4	1402.7	0.0	9.7	0.0	153.4	15.9	0.1	0.1	0.0	0.3
2021-10-19	1516.6	1337.3	0.0	9.7	0.0	153.0	14.7	0.1	0.1	0.0	0.3
2021-10-20	1492.7	1323.3	0.0	7.6	0.0	147.0	13.6	0.0	0.0	0.0	0.3
2021-10-21	1384.1	1223.1	0.0	7.6	0.0	139.1	13.1	0.0	0.0	0.0	0.1
2021-10-22	1253.4	1108.4	0.0	0.0	0.0	131.4	13.1	0.0	0.0	0.0	0.0
2021-10-23	1086.7	957.3	0.0	0.0	0.0	116.7	12.3	0.0	0.0	0.0	0.0
2021-10-24	1134.7	1004.6	0.0	0.0	0.0	118.7	11.0	0.0	0.0	0.0	0.0
2021-10-25	1001.3	885.6	0.0	0.0	0.0	105.0	10.6	0.0	0.0	0.0	0.0
2021-10-26	934.9	830.9	0.0	0.0	0.0	94.0	10.0	0.0	0.0	0.0	0.0
2021-10-27	909.9	802.3	0.0	0.0	0.0	94.0	12.3	0.0	0.0	0.0	0.0
2021-10-28	1088.1	963.3	0.0	5.4	0.0	100.9	16.0	0.7	0.0	0.0	0.4
2021-10-29	1399.6	1243.7	0.0	5.4	0.0	130.3	17.4	0.9	0.0	0.0	0.4
2021-10-30	1389.1	1235.4	0.0	5.4	0.0	128.4	17.1	0.9	0.0	0.0	0.4
2021-10-31	1375.0	1221.7	0.0	5.4	0.0	127.0	17.9	0.9	0.0	0.0	0.7
2021-11-01	1165.1	1034.1	0.0	5.4	0.0	107.6	15.0	0.9	0.0	0.0	0.7
2021-11-02	1268.9	1123.7	0.0	5.4	0.0	118.9	17.9	0.9	0.0	0.0	0.7
2021-11-03	1368.0	1212.6	0.0	5.4	0.0	130.3	17.9	0.9	0.0	0.0	0.7
2021-11-04	1303.9	1162.0	0.0	0.0	0.0	127.6	13.6	0.1	0.0	0.0	0.3
2021-11-05	1329.6	1181.0	0.0	0.0	0.0	131.7	15.9	0.0	0.0	0.0	0.6
2021-11-06	1239.0	1098.0	0.0	0.0	0.0	125.6	14.4	0.0	0.0	0.0	0.6
2021-11-07	1254.4	1112.1	0.0	0.0	0.0	126.7	14.9	0.0	0.0	0.0	0.3
2021-11-08	1536.0	1360.7	0.0	0.0	0.0	155.9	18.7	0.0	0.0	0.0	0.3
2021-11-09	1431.3	1264.1	0.0	0.0	0.0	150.3	16.1	0.0	0.0	0.0	0.3
2021-11-10	1617.9	1435.9	0.0	0.0	0.0	163.6	17.9	0.0	0.0	0.0	0.3
2021-11-11	1551.6	1373.0	0.0	0.0	0.0	158.9	19.3	0.0	0.0	0.0	0.3
2021-11-12	1537.0	1355.4	0.0	0.0	0.0	162.1	19.4	0.0	0.0	0.0	0.0
2021-11-13	1633.7	1440.3	0.0	0.0	0.0	173.3	20.1	0.0	0.0	0.0	0.0
2021-11-14	1695.4	1494.4	0.0	0.0	0.0	181.4	19.4	0.0	0.0	0.0	0.0
2021-11-15	1621.1	1430.1	0.0	0.0	0.0	173.4	17.4	0.0	0.0	0.0	0.0
2021-11-16	1668.4	1471.7	0.0	0.0	0.0	176.0	20.3	0.0	0.0	0.0	0.0
2021-11-17	1468.3	1292.6	0.0	0.0	0.0	158.3	17.0	0.0	0.0	0.0	0.0
2021-11-18	1525.6	1337.1	0.0	0.0	0.0	170.7	17.3	0.0	0.0	0.0	0.0
2021-11-19	1547.0	1355.0	0.0	0.0	0.0	173.7	17.9	0.0	0.0	0.0	0.0
2021-11-20	1647.3	1444.3	0.0	0.3	0.0	183.1	19.0	0.0	0.0	0.0	0.1
2021-11-21	1530.6	1343.0	0.0	0.3	0.0	168.3	18.6	0.0	0.0	0.0	0.1
2021-11-22	1658.1	1448.1	0.0	0.3	0.0	185.1	24.1	0.0	0.0	0.0	0.1
2021-11-23	1655.7	1450.3	0.0	0.3	0.0	182.3	22.7	0.0	0.0	0.0	0.1
2021-11-24	1761.6	1540.4	0.0	0.3	0.0	196.7	24.0	0.0	0.0	0.0	0.1
2021-11-25	1902.4	1664.7	0.0	1.7	0.0	209.3	26.6	0.0	0.0	0.0	0.1
2021-11-26	1950.4	1699.0	0.0	1.7	0.0	218.9	30.7	0.0	0.0	0.0	0.1
2021-11-27	1964.4	1706.9	0.0	1.4	0.0	224.0	32.0	0.0	0.0	0.0	0.0
2021-11-28	1954.9	1698.9	0.0	1.4	0.0	222.6	31.9	0.0	0.0	0.0	0.0
2021-11-29	1897.6	1651.7	0.0	1.7	0.0	214.0	29.9	0.1	0.0	0.0	0.0
2021-11-30	2016.1	1748.6	0.0	1.7	0.0	234.4	31.1	0.1	0.0	0.0	0.0
2021-12-01	2122.4	1844.0	0.0	1.7	0.0	241.7	34.7	0.1	0.0	0.0	0.0
2021-12-02	2332.7	2028.4	0.7	0.4	0.0	262.0	40.7	0.3	0.0	0.0	0.0
2021-12-03	2498.7	2169.3	3.6	0.4	0.0	281.4	43.4	0.3	0.0	0.0	0.0
2021-12-04	2473.9	2154.7	3.6	0.4	0.0	271.7	43.0	0.3	0.0	0.0	0.0
2021-12-05	2542.7	2213.3	3.9	0.4	0.0	281.4	43.3	0.3	0.0	0.0	0.0
2021-12-06	2508.4	2179.3	4.7	0.1	0.0	280.1	43.9	0.1	0.0	0.0	0.0
2021-12-07	2588.3	2255.9	11.0	0.1	0.0	274.7	46.1	0.1	0.0	0.0	0.0
2021-12-08	2484.3	2160.1	13.0	0.1	0.0	264.7	45.9	0.1	0.0	0.0	0.0
2021-12-09	2359.0	2047.1	15.4	0.0	0.0	252.1	44.0	0.0	0.0	0.0	0.0
2021-12-10	2174.9	1887.9	19.4	0.0	0.0	226.1	41.3	0.0	0.0	0.0	0.0
2021-12-11	2085.7	1800.3	25.0	0.0	0.0	219.3	41.0	0.0	0.0	0.0	0.0
2021-12-12	2128.9	1841.9	25.7	0.0	0.0	219.7	41.4	0.0	0.0	0.0	0.0
2021-12-13	2420.7	2086.1	32.7	0.0	0.0	255.6	46.1	0.0	0.0	0.0	0.0
2021-12-14	2305.6	1979.1	27.7	0.0	0.0	252.7	46.0	0.0	0.0	0.0	0.0
2021-12-15	2333.9	2003.6	30.4	0.0	0.0	251.3	48.6	0.0	0.0	0.0	0.0
2021-12-16	2343.3	2006.4	36.3	0.1	0.0	252.0	48.0	0.1	0.0	0.1	0.0
2021-12-17	2671.4	2271.4	50.1	0.3	0.0	295.3	53.4	0.1	0.0	0.4	0.0
2021-12-18	2559.9	2178.0	44.9	0.3	0.0	284.9	51.0	0.1	0.0	0.4	0.0
2021-12-19	2592.9	2195.9	45.4	0.3	0.0	296.3	54.1	0.1	0.0	0.4	0.0
2021-12-20	2434.6	2055.6	50.7	0.3	0.0	273.4	53.4	0.1	0.0	0.4	0.0
2021-12-21	2578.9	2163.1	71.4	0.3	0.0	283.9	58.9	0.1	0.0	0.4	0.0
2021-12-22	2532.7	2087.3	104.6	0.3	0.1	283.3	55.7	0.1	0.0	0.4	0.0
2021-12-23	2142.0	1749.7	97.7	0.1	0.1	244.1	49.0	0.0	0.0	0.4	0.0
2021-12-24	1998.0	1590.6	147.1	0.1	0.1	212.9	46.4	0.0	0.0	0.1	0.0
2021-12-25	2017.4	1601.6	151.9	0.1	0.1	214.7	47.0	0.0	0.0	1.4	0.0
2021-12-26	2235.3	1763.0	188.3	0.1	0.1	234.1	47.6	0.0	0.0	1.4	0.0
2021-12-27	2077.3	1608.0	211.4	0.1	0.1	210.3	45.6	0.0	0.0	1.4	0.0
2021-12-28	1938.9	1482.9	221.6	0.1	0.6	191.0	41.1	0.0	0.0	1.4	0.0
2021-12-29	1966.4	1515.6	213.9	0.3	0.4	195.7	39.1	0.0	0.0	1.4	0.0
2021-12-30	2143.1	1610.7	280.7	0.3	1.3	207.0	40.6	0.0	0.0	2.4	0.0
2021-12-31	1587.6	1184.1	218.1	0.1	1.3	152.3	29.0	0.0	0.0	2.4	0.0
2022-01-01	1611.9	1206.9	217.3	0.1	1.3	156.0	29.0	0.0	0.0	1.1	0.0
2022-01-02	1379.3	978.7	239.6	0.1	1.3	130.6	27.1	0.0	0.0	1.6	0.0
2022-01-03	1499.1	1035.7	294.7	0.1	1.6	140.1	24.0	0.0	0.0	2.4	0.0
2022-01-04	1496.4	1029.1	296.4	0.1	1.3	143.3	23.3	0.0	0.0	2.4	0.0
2022-01-05	1559.6	992.9	406.7	0.0	1.3	129.7	25.4	0.0	0.0	3.1	0.0
2022-01-06	1525.0	938.4	437.1	0.0	0.7	119.0	26.6	0.0	0.0	2.9	0.0
2022-01-07	2293.0	1288.4	795.0	0.1	2.7	164.1	38.6	0.0	0.0	3.6	0.0
2022-01-08	2452.0	1325.9	909.9	0.1	4.4	168.1	39.6	0.0	0.0	3.6	0.0
2022-01-09	2404.7	1294.9	904.3	0.1	4.6	159.6	37.9	0.0	0.0	3.1	0.0
2022-01-10	2571.0	1340.4	1008.0	0.1	6.1	166.6	45.4	0.0	0.0	3.7	0.0
2022-01-11	2505.9	1220.6	1081.7	0.1	7.0	150.4	41.3	0.0	0.0	4.0	0.0
2022-01-12	2707.3	1214.0	1274.3	0.1	10.0	162.3	42.6	0.0	0.0	3.3	0.0
2022-01-13	2804.1	1160.3	1432.0	0.1	12.9	154.9	40.6	0.0	0.0	2.7	0.0
2022-01-14	2690.0	1029.4	1469.0	0.0	16.7	137.3	34.3	0.0	0.0	2.4	0.0
2022-01-15	2733.3	1018.3	1519.9	0.0	17.0	139.7	35.1	0.0	0.0	2.4	0.0
2022-01-16	2973.6	1039.3	1732.9	0.0	20.4	141.3	36.3	0.0	0.0	2.4	0.0
2022-01-17	2896.9	841.0	1888.3	0.0	23.7	114.9	27.4	0.0	0.0	1.0	0.0
2022-01-18	3092.6	838.4	2075.7	0.0	30.1	118.3	27.9	0.0	0.0	1.3	0.0
2022-01-19	3095.7	874.3	2040.0	0.0	41.4	109.3	25.6	0.0	0.0	4.1	0.0
2022-01-20	3226.7	860.9	2169.0	0.0	56.0	110.4	25.1	0.0	0.0	4.3	0.0
2022-01-21	3042.6	695.6	2166.7	0.0	60.0	93.0	21.6	0.0	0.0	4.9	0.0
2022-01-22	3107.7	677.7	2249.0	0.0	68.3	86.9	19.9	0.0	0.0	5.1	0.0
2022-01-23	2742.1	572.7	2008.0	0.0	65.4	73.0	17.1	0.0	0.0	5.1	0.0
2022-01-24	2942.9	567.1	2196.3	0.0	82.4	71.6	16.4	0.0	0.0	7.7	0.0
2022-01-25	2922.4	574.1	2172.4	0.0	83.4	66.0	18.3	0.0	0.0	7.3	0.0
2022-01-26	2975.3	432.6	2370.4	0.0	96.7	52.4	15.6	0.0	0.0	6.3	0.0
2022-01-27	2765.9	366.7	2230.1	0.0	104.0	43.0	13.6	0.0	0.0	7.0	0.0
2022-01-28	3096.3	345.9	2540.1	0.0	154.7	36.4	11.6	0.0	0.0	6.0	0.0
2022-01-29	3133.0	310.1	2600.4	0.0	172.9	31.0	11.1	0.0	0.0	5.7	0.0
2022-01-30	3326.4	315.1	2773.6	0.0	188.1	30.9	11.3	0.0	0.0	5.7	0.0
2022-01-31	3343.1	271.0	2821.1	0.0	209.1	27.6	9.6	0.0	0.0	3.3	0.0
2022-02-01	3471.7	304.6	2890.4	0.0	221.1	41.4	8.9	0.0	0.0	3.4	0.0
2022-02-02	3610.1	249.6	3044.4	0.0	268.0	35.6	8.4	0.0	0.0	2.6	0.0
2022-02-03	3751.7	239.7	3190.0	0.0	273.9	37.1	7.9	0.0	0.0	1.7	0.0
2022-02-04	3559.7	219.0	3005.4	0.0	289.3	34.1	8.6	0.0	0.0	2.1	0.0
2022-02-05	3325.7	205.9	2801.0	0.0	274.7	32.6	8.3	0.0	0.0	2.3	0.0
2022-02-06	3423.3	200.3	2871.9	0.0	308.1	31.6	8.1	0.0	0.0	2.3	0.0
2022-02-07	3538.7	198.7	2962.4	0.0	334.1	31.3	7.1	0.0	0.0	3.4	0.0
2022-02-08	3491.4	108.1	2995.6	0.0	364.4	14.1	4.3	0.0	0.0	3.6	0.0
2022-02-09	3241.9	91.0	2773.4	0.0	357.0	13.0	3.7	0.0	0.0	2.6	0.0
2022-02-10	3492.4	84.1	2948.4	0.0	439.9	11.1	3.3	0.0	0.0	3.6	0.0
2022-02-11	3542.4	66.9	2997.6	0.0	454.3	10.0	2.3	0.0	0.0	7.4	0.0
2022-02-12	3640.1	67.9	3052.3	0.0	495.1	10.3	2.3	0.0	0.0	7.9	0.0
2022-02-13	3372.4	64.4	2824.7	0.0	458.7	10.1	2.1	0.0	0.0	7.9	0.0
2022-02-14	3518.0	99.1	2869.0	0.0	514.7	19.1	4.0	0.0	0.0	7.9	0.0
2022-02-15	3438.7	86.6	2783.7	0.0	534.4	17.4	3.6	0.0	0.0	9.0	0.0
2022-02-16	3699.3	90.0	2981.3	0.0	593.1	17.0	3.4	0.0	0.0	10.1	0.0
2022-02-17	3605.6	83.4	2853.0	0.0	636.9	15.7	3.1	0.0	0.0	9.3	0.0
2022-02-18	3662.0	81.6	2809.4	0.0	742.0	15.3	3.0	0.0	0.0	8.0	0.0
2022-02-19	3551.4	80.3	2718.1	0.0	725.1	15.0	3.0	0.0	0.0	7.4	0.0
2022-02-20	3810.0	80.9	2878.0	0.0	822.7	15.3	3.0	0.0	0.1	7.6	0.0
2022-02-21	3896.6	28.0	2923.0	0.0	922.6	3.1	0.6	0.0	0.1	14.0	0.0
2022-02-22	3836.0	26.3	2852.4	0.0	935.4	3.0	0.6	0.0	0.1	13.0	0.0
2022-02-23	3723.3	31.4	2656.3	2.6	998.1	5.3	0.6	0.1	0.1	22.3	0.0
2022-02-24	3601.1	35.0	2520.1	4.1	1005.1	6.0	0.4	0.1	0.1	23.3	0.0
2022-02-25	3738.0	35.9	2500.3	4.1	1160.1	5.6	0.4	0.1	0.6	23.1	0.0
2022-02-26	3819.6	35.6	2532.0	4.1	1209.7	5.7	0.4	0.1	0.6	23.4	0.0
2022-02-27	3557.1	34.4	2357.4	4.1	1123.6	5.4	0.4	0.1	0.4	23.3	0.0
2022-02-28	3431.0	28.3	2209.7	4.1	1158.6	5.6	1.0	0.1	0.4	17.0	0.0
2022-03-01	3625.9	29.3	2295.6	4.1	1266.0	5.6	1.1	0.1	0.4	17.1	0.0
2022-03-02	3432.7	15.1	2142.7	1.7	1241.6	2.6	0.7	0.0	0.4	19.6	0.0
2022-03-04	3576.4	9.3	2163.6	0.1	1373.0	1.7	0.7	0.0	0.4	19.4	0.0
2022-03-05	2807.3	5.9	1695.0	0.1	1080.1	1.6	0.7	0.0	0.0	17.3	0.0
2022-03-06	2630.1	5.9	1598.6	0.1	1000.0	1.4	0.7	0.0	0.0	17.0	0.0
2022-03-07	3137.4	7.6	1877.1	0.1	1215.4	1.6	0.7	0.0	0.0	26.0	0.0
2022-03-08	2761.6	5.1	1473.3	0.1	1241.0	0.7	0.1	0.0	0.0	32.9	0.0
2022-03-09	3126.9	4.6	1647.1	0.1	1426.0	0.7	0.0	0.0	0.0	38.0	0.0
2022-03-10	3666.6	4.3	1795.1	0.0	1820.7	0.6	0.1	0.0	0.0	36.4	0.0
2022-03-11	3610.9	3.4	1673.1	0.0	1885.0	0.4	0.3	0.0	0.0	39.3	0.0
2022-03-12	3604.6	3.4	1655.3	0.0	1897.0	0.4	0.3	0.0	0.0	38.9	0.0
2022-03-13	3797.1	3.4	1712.9	0.0	2031.7	0.4	0.3	0.0	0.1	38.9	0.0
2022-03-14	4531.4	10.6	1940.0	0.0	2533.4	2.4	0.3	0.0	0.1	35.1	0.0
2022-03-15	4471.7	10.7	1901.1	0.0	2511.0	2.4	0.3	0.0	0.1	35.7	0.0
2022-03-16	4134.1	9.4	1601.4	0.0	2478.3	2.1	0.3	0.0	0.1	33.4	0.0
2022-03-17	3799.4	11.4	1387.3	0.0	2364.9	2.6	0.6	0.0	0.1	25.1	0.0
2022-03-18	3895.9	12.1	1408.1	0.0	2432.0	2.7	0.4	0.0	0.1	30.0	0.0
2022-03-19	3977.7	12.1	1427.6	0.0	2494.4	2.7	0.4	0.0	0.1	30.0	0.0
2022-03-20	4113.6	12.1	1428.4	0.0	2629.7	2.7	0.4	0.0	0.0	30.1	0.0
2022-03-21	4025.4	3.6	1225.7	0.0	2753.4	0.6	0.4	0.1	0.0	30.6	0.0
2022-03-22	3870.3	3.3	1129.7	0.0	2703.3	0.6	0.4	0.1	0.0	23.4	0.0
2022-03-23	3872.3	3.3	1073.9	0.0	2763.0	0.6	0.4	0.1	0.0	22.3	0.0
2022-03-24	3576.6	20.0	976.7	0.1	2546.0	3.9	0.6	0.1	0.0	21.4	0.0
2022-03-25	3849.4	19.1	938.4	0.1	2866.3	3.7	0.6	0.1	0.3	15.3	0.0
2022-03-26	3710.7	19.1	911.9	0.1	2753.6	3.7	0.6	0.1	0.3	15.3	0.0
2022-03-27	3785.1	19.1	917.3	0.1	2821.3	3.7	0.6	0.1	0.3	15.9	0.0
2022-03-28	3582.3	19.0	762.4	0.3	2777.1	3.7	0.6	0.1	0.3	13.6	0.0
2022-03-29	3792.0	19.3	759.4	0.3	2988.6	4.0	0.6	0.1	0.3	13.4	0.0
2022-03-30	3819.0	19.6	723.7	0.3	3052.6	4.0	0.6	0.1	0.3	11.7	0.0
2022-03-31	3761.0	0.9	663.7	0.1	3078.4	0.3	0.0	0.1	0.3	10.7	0.0
2022-04-02	2914.3	0.9	492.4	0.1	2406.0	0.3	0.0	0.1	0.0	8.9	0.0
2022-04-03	3127.7	0.9	497.0	0.1	2615.1	0.3	0.0	0.1	0.0	8.9	0.0
2022-04-04	3434.4	1.7	524.0	0.1	2891.4	0.4	0.1	0.1	0.0	10.3	0.0
2022-04-05	3228.3	1.9	438.7	0.0	2767.3	0.4	0.1	0.0	0.0	13.0	0.0
2022-04-06	3043.6	1.7	389.0	0.0	2634.9	0.1	0.1	0.0	0.0	11.7	0.0
2022-04-07	3131.3	1.4	384.4	0.0	2721.3	0.1	0.1	0.0	0.0	13.6	0.0
2022-04-09	3019.3	2.1	350.9	0.0	2643.1	0.1	0.1	0.0	0.0	12.7	0.0
2022-04-10	3206.3	2.1	357.0	0.0	2825.3	0.1	0.1	0.0	0.0	11.9	0.0
2022-04-11	3699.0	2.1	416.4	0.0	3248.1	0.1	0.1	0.0	0.0	20.0	0.0
2022-04-12	3716.3	1.3	394.7	0.0	3286.4	0.0	0.0	0.0	0.0	21.4	0.0
2022-04-13	3109.1	1.0	312.6	0.0	2770.0	0.0	0.0	0.0	0.0	15.6	0.0
2022-04-14	3162.4	0.9	316.3	0.0	2815.9	0.0	0.0	0.0	0.0	18.1	0.0
2022-04-15	2707.3	0.9	242.6	0.0	2440.3	0.0	0.0	0.0	0.0	16.6	0.0
2022-04-16	2785.6	0.0	237.9	0.0	2524.0	0.0	0.0	0.0	0.0	16.6	0.0
2022-04-17	2637.3	0.0	231.7	0.0	2381.9	0.0	0.0	0.0	0.0	16.4	0.0
2022-04-18	1898.3	0.0	151.1	0.0	1734.4	0.0	0.0	0.0	0.0	8.0	0.0
2022-04-19	1429.1	0.0	97.4	0.0	1320.9	0.0	0.0	0.0	0.0	6.6	0.0
2022-04-20	1464.7	0.0	97.0	0.0	1355.9	0.0	0.0	0.0	0.0	7.3	0.0
2022-04-21	1377.6	0.0	77.9	0.0	1291.0	0.0	0.0	0.0	0.0	5.1	0.0
2022-04-22	1782.0	0.0	143.1	0.0	1626.7	0.0	0.0	0.0	0.0	6.4	0.0
2022-04-23	1680.7	0.0	133.9	0.0	1535.0	0.0	0.0	0.0	0.0	6.3	0.0
2022-04-24	1692.1	0.0	126.0	0.0	1554.0	0.0	0.0	0.0	0.0	6.4	0.0
2022-04-25	2035.3	0.1	143.3	0.0	1877.0	0.0	0.0	0.0	0.0	7.4	0.0
